candle_start_time_ist,candle_end_time_ist,checked_time_ist,pair,timeframe,open,high,low,close,volume,body,range,body_ratio,body_ratio_percent,true_range,atr14,required_body,condition_1,condition_2,final_signal,signal_text
2026-09-22 20:45:00,2026-09-22 21:00:00,2026-09-23 21:33:53,B-BTC_USDT,15m,86314.01,86334.01,86124.3,86284.52,197.71891,29.489999999990687,209.70999999999185,0.1406227647703582,14.062276477035821,209.70999999999185,,,False,False,False,NO SIGNAL
2026-09-22 21:00:00,2026-09-22 21:15:00,2026-09-23 21:55:10,B-BTC_USDT,15m,86284.52,86580.0,86250.0,86560.01,260.1194,275.4899999999907,330.0,0.8348181818181536,83.48181818181536,330.0,,,False,True,False,NO SIGNAL
2026-09-22 21:15:00,2026-09-22 21:30:00,2026-09-23 22:14:08,B-BTC_USDT,15m,86560.0,86717.6,86331.33,86413.12,273.07803,146.88000000000466,386.2700000000041,0.3802521552282163,38.02521552282163,386.2700000000041,,,False,False,False,NO SIGNAL
2026-09-22 21:30:00,2026-09-22 21:45:00,2026-09-23 22:27:47,B-BTC_USDT,15m,86413.11,86527.55,86154.0,86184.0,303.5263,229.11000000000053,373.5500000000029,0.6133315486547953,61.333154865479536,373.5500000000029,,,False,True,False,NO SIGNAL
2026-09-22 21:45:00,2026-09-22 22:00:00,2026-09-23 22:27:47,B-BTC_USDT,15m,86184.0,86300.0,86088.33,86090.12,236.06336,93.88000000000466,211.66999999999825,0.4435205744791677,44.35205744791677,211.66999999999825,,,False,False,False,NO SIGNAL
2026-09-22 22:00:00,2026-09-22 22:15:00,2026-09-23 22:48:34,B-BTC_USDT,15m,86090.12,86303.99,86033.18,86232.0,306.13962,141.88000000000466,270.8100000000122,0.5239097522248006,52.390975222480066,270.8100000000122,,,False,False,False,NO SIGNAL
2026-09-22 22:15:00,2026-09-22 22:30:00,2026-09-23 23:04:20,B-BTC_USDT,15m,86232.01,86588.3,86214.79,86421.13,223.05451,189.1200000000099,373.5100000000093,0.5063318251184846,50.63318251184846,373.5100000000093,,,False,False,False,NO SIGNAL
2026-09-22 22:30:00,2026-09-22 22:45:00,2026-09-23 23:18:27,B-BTC_USDT,15m,86421.13,86560.36,86376.83,86430.0,269.11239,8.869999999995343,183.52999999999884,0.0483299733013425,4.8329973301342495,183.52999999999884,,,False,False,False,NO SIGNAL
2026-09-22 22:45:00,2026-09-22 23:00:00,2026-09-23 23:32:09,B-BTC_USDT,15m,86430.01,86584.76,86247.8,86584.76,255.94934,154.75,336.95999999999185,0.4592533238366683,45.92533238366683,336.95999999999185,,,False,False,False,NO SIGNAL
2026-09-22 23:00:00,2026-09-22 23:15:00,2026-09-23 23:55:18,B-BTC_USDT,15m,86584.76,86635.35,86451.28,86477.77,277.62464,106.98999999999069,184.07000000000696,0.5812462650078047,58.12462650078047,184.07000000000696,,,False,False,False,NO SIGNAL
2026-09-22 23:15:00,2026-09-22 23:30:00,2026-09-24 00:14:57,B-BTC_USDT,15m,86478.03,86660.0,86410.8,86570.24,270.33926,92.2100000000064,249.1999999999971,0.3700240770465789,37.00240770465789,249.1999999999971,,,False,False,False,NO SIGNAL
2026-09-22 23:30:00,2026-09-22 23:45:00,2026-09-24 00:28:45,B-BTC_USDT,15m,86570.24,86649.06,86440.88,86525.23,257.62375,45.01000000000931,208.17999999999304,0.2162071284465886,21.62071284465886,208.17999999999304,,,False,False,False,NO SIGNAL
2026-09-22 23:45:00,2026-09-23 00:00:00,2026-09-24 00:28:45,B-BTC_USDT,15m,86525.23,86643.87,86289.88,86289.88,289.69071,235.34999999999127,353.9899999999907,0.6648492895279456,66.48492895279456,353.9899999999907,,,False,True,False,NO SIGNAL
2026-09-23 00:00:00,2026-09-23 00:15:00,2026-09-24 00:48:17,B-BTC_USDT,15m,86289.88,86445.03,86241.4,86402.81,274.4104,112.92999999999302,203.63000000000463,0.5545842950448875,55.45842950448875,203.63000000000463,,,False,False,False,NO SIGNAL
2026-09-23 00:15:00,2026-09-23 00:30:00,2026-09-24 01:04:11,B-BTC_USDT,15m,86402.8,86581.04,86402.8,86461.44,203.64457,58.63999999999942,178.2399999999907,0.3289946140036046,32.89946140036046,178.2399999999907,,,False,False,False,NO SIGNAL
2026-09-23 00:30:00,2026-09-23 00:45:00,2026-09-24 01:18:49,B-BTC_USDT,15m,86461.45,86530.0,86397.94,86477.22,248.70335,15.770000000004076,132.05999999999767,0.1194154172346233,11.941541723462331,132.05999999999767,,,False,False,False,NO SIGNAL
2026-09-23 00:45:00,2026-09-23 01:00:00,2026-09-24 01:32:47,B-BTC_USDT,15m,86477.22,86584.55,86451.15,86531.87,264.51841,54.64999999999418,133.40000000000873,0.4096701649174707,40.967016491747074,133.40000000000873,,,False,False,False,NO SIGNAL
2026-09-23 01:00:00,2026-09-23 01:15:00,2026-09-24 01:52:46,B-BTC_USDT,15m,86531.87,86531.87,86267.13,86376.02,330.98461,155.84999999999127,264.7399999999907,0.5886907909647078,58.86907909647078,264.7399999999907,,,False,False,False,NO SIGNAL
2026-09-23 01:15:00,2026-09-23 01:30:00,2026-09-24 02:09:18,B-BTC_USDT,15m,86376.02,86404.48,86139.37,86192.44,295.37443,183.5800000000017,265.1100000000006,0.6924672777337759,69.24672777337759,265.1100000000006,,,False,True,False,NO SIGNAL
2026-09-23 01:30:00,2026-09-23 01:45:00,2026-09-24 02:09:18,B-BTC_USDT,15m,86192.45,86274.01,86132.0,86207.99,230.90111,15.540000000008147,142.00999999999476,0.1094289134568602,10.94289134568602,142.00999999999476,,,False,False,False,NO SIGNAL
2026-09-23 01:45:00,2026-09-23 02:00:00,2026-09-24 02:40:10,B-BTC_USDT,15m,86208.0,86378.32,86199.99,86329.33,188.98284,121.33000000000176,178.33000000000175,0.680367857343131,68.0367857343131,178.33000000000175,,,False,True,False,NO SIGNAL
2026-09-23 02:00:00,2026-09-23 02:15:00,2026-09-24 02:58:17,B-BTC_USDT,15m,86329.33,86362.9,86236.01,86322.01,122.99724,7.320000000006985,126.88999999999942,0.0576877610529357,5.76877610529357,126.88999999999942,,,False,False,False,NO SIGNAL
2026-09-23 02:15:00,2026-09-23 02:30:00,2026-09-24 03:13:43,B-BTC_USDT,15m,86322.0,86322.01,86192.6,86264.01,103.84226,57.99000000000524,129.40999999998894,0.4481106560544795,44.81106560544795,129.40999999998894,,,False,False,False,NO SIGNAL
2026-09-23 02:30:00,2026-09-23 02:45:00,2026-09-24 03:26:32,B-BTC_USDT,15m,86264.01,86344.01,86210.72,86253.78,89.85548,10.229999999995924,133.2899999999936,0.0767499437316859,7.674994373168589,133.2899999999936,,,False,False,False,NO SIGNAL
2026-09-23 02:45:00,2026-09-23 03:00:00,2026-09-24 03:26:32,B-BTC_USDT,15m,86253.78,86262.0,86219.2,86248.8,59.64856,4.9799999999959255,42.80000000000291,0.1163551401868127,11.63551401868127,42.80000000000291,,,False,False,False,NO SIGNAL
2026-09-23 03:00:00,2026-09-23 03:15:00,2026-09-24 03:47:33,B-BTC_USDT,15m,86248.8,86305.39,86178.0,86208.95,94.06532,39.85000000000582,127.38999999999942,0.3128189025826674,31.281890258266742,127.38999999999942,,,False,False,False,NO SIGNAL
2026-09-23 03:15:00,2026-09-23 03:30:00,2026-09-24 04:02:52,B-BTC_USDT,15m,86208.96,86300.0,86184.0,86184.01,91.38193,24.95000000001164,116.0,0.2150862068966521,21.508620689665207,116.0,,,False,False,False,NO SIGNAL
2026-09-23 03:30:00,2026-09-23 03:45:00,2026-09-24 04:29:42,B-BTC_USDT,15m,86184.0,86284.01,86000.0,86038.01,175.49375,145.99000000000524,284.0099999999948,0.5140311960846728,51.403119608467286,284.0099999999948,,,False,False,False,NO SIGNAL
2026-09-23 03:45:00,2026-09-23 04:00:00,2026-09-24 04:29:42,B-BTC_USDT,15m,86038.01,86210.01,86032.81,86164.01,92.14306,126.0,177.1999999999971,0.7110609480812757,71.10609480812758,177.1999999999971,,,False,True,False,NO SIGNAL
2026-09-23 04:00:00,2026-09-23 04:15:00,2026-09-24 04:46:39,B-BTC_USDT,15m,86164.01,86282.64,86163.02,86216.0,121.14697,51.99000000000524,119.61999999999534,0.4346263166695139,43.46263166695139,119.61999999999534,,,False,False,False,NO SIGNAL
2026-09-23 04:15:00,2026-09-23 04:30:00,2026-09-24 05:14:39,B-BTC_USDT,15m,86216.01,86274.01,86119.2,86124.01,84.36243,92.0,154.80999999999767,0.5942768555002996,59.42768555002996,154.80999999999767,,,False,False,False,NO SIGNAL
2026-09-23 04:30:00,2026-09-23 04:45:00,2026-09-24 05:27:12,B-BTC_USDT,15m,86124.01,86504.17,86124.0,86383.94,164.99927,259.9300000000076,380.1699999999983,0.6837204408554298,68.37204408554298,380.1699999999983,,,False,True,False,NO SIGNAL
2026-09-23 04:45:00,2026-09-23 05:00:00,2026-09-24 05:27:12,B-BTC_USDT,15m,86383.94,86462.01,86169.99,86226.01,93.81514,157.93000000000757,292.0199999999895,0.540819121977992,54.0819121977992,292.0199999999895,,,False,False,False,NO SIGNAL
2026-09-23 05:00:00,2026-09-23 05:15:00,2026-09-24 05:54:45,B-BTC_USDT,15m,86226.01,86267.15,86095.31,86132.01,222.13554,94.0,171.8399999999965,0.5470204841713333,54.702048417133334,171.8399999999965,,,False,False,False,NO SIGNAL
2026-09-23 05:15:00,2026-09-23 05:30:00,2026-09-24 05:54:45,B-BTC_USDT,15m,86132.01,86215.38,86106.98,86208.56,129.48802,76.55000000000291,108.40000000000872,0.706180811808088,70.6180811808088,108.40000000000872,,,False,True,False,NO SIGNAL
2026-09-23 05:30:00,2026-09-23 05:45:00,2026-09-24 06:16:57,B-BTC_USDT,15m,86208.57,86377.76,86133.4,86349.62,177.44616,141.04999999998836,244.36000000000053,0.5772221312816664,57.72221312816664,244.36000000000053,,,False,False,False,NO SIGNAL
2026-09-23 05:45:00,2026-09-23 06:00:00,2026-09-24 06:30:32,B-BTC_USDT,15m,86349.63,86525.0,86349.0,86450.0,93.7158,100.36999999999534,176.0,0.5702840909090644,57.02840909090644,176.0,,,False,False,False,NO SIGNAL
2026-09-23 06:00:00,2026-09-23 06:15:00,2026-09-24 06:49:39,B-BTC_USDT,15m,86449.99,86588.3,86424.0,86444.01,260.29482,5.980000000010477,164.3000000000029,0.0363968350578841,3.63968350578841,164.3000000000029,,,False,False,False,NO SIGNAL
2026-09-23 06:15:00,2026-09-23 06:30:00,2026-09-24 07:05:47,B-BTC_USDT,15m,86444.01,86504.01,86419.6,86457.3,85.92574,13.290000000008147,84.40999999998894,0.1574458002607498,15.744580026074981,84.40999999998894,,,False,False,False,NO SIGNAL
2026-09-23 06:30:00,2026-09-23 06:45:00,2026-09-24 07:21:38,B-BTC_USDT,15m,86457.31,86845.39,86438.0,86721.43,427.75381,264.11999999999534,407.3899999999994,0.6483222464959761,64.83222464959762,407.3899999999994,,,False,True,False,NO SIGNAL
2026-09-23 06:45:00,2026-09-23 07:00:00,2026-09-24 07:38:07,B-BTC_USDT,15m,86721.44,86735.88,86585.79,86632.68,116.75918,88.76000000000931,150.09000000001106,0.5913785062296141,59.13785062296141,150.09000000001106,,,False,False,False,NO SIGNAL
2026-09-23 07:00:00,2026-09-23 07:15:00,2026-09-24 07:57:30,B-BTC_USDT,15m,86632.68,86640.01,86270.29,86277.85,105.48999,354.8299999999872,369.7200000000012,0.9597262793464948,95.97262793464948,369.7200000000012,,,False,True,False,NO SIGNAL
2026-09-23 07:15:00,2026-09-23 07:30:00,2026-09-24 07:57:30,B-BTC_USDT,15m,86277.85,86370.86,86169.74,86370.0,131.3944,92.14999999999418,201.1199999999953,0.4581841686555107,45.81841686555107,201.1199999999953,,,False,False,False,NO SIGNAL
2026-09-23 07:30:00,2026-09-23 07:45:00,2026-09-24 08:28:39,B-BTC_USDT,15m,86370.01,86386.42,86260.01,86378.01,160.71707,8.0,126.41000000000348,0.0632861324262303,6.32861324262303,126.41000000000348,,,False,False,False,NO SIGNAL
2026-09-23 07:45:00,2026-09-23 08:00:00,2026-09-24 08:28:39,B-BTC_USDT,15m,86378.01,86638.15,86377.68,86589.0,236.51706,210.99000000000524,260.4700000000012,0.8100357046876965,81.00357046876965,260.4700000000012,,,False,True,False,NO SIGNAL
2026-09-23 08:00:00,2026-09-23 08:15:00,2026-09-24 08:49:40,B-BTC_USDT,15m,86589.01,86590.0,86472.0,86488.0,87.00654,101.00999999999476,118.0,0.8560169491524979,85.6016949152498,118.0,,,False,True,False,NO SIGNAL
2026-09-23 08:15:00,2026-09-23 08:30:00,2026-09-24 09:07:39,B-BTC_USDT,15m,86488.01,86552.27,86452.04,86552.26,68.9242,64.25,100.23000000001048,0.641025641025574,64.10256410255741,100.23000000001048,,,False,True,False,NO SIGNAL
2026-09-23 08:30:00,2026-09-23 08:45:00,2026-09-24 09:22:58,B-BTC_USDT,15m,86552.27,86554.58,86436.35,86546.57,50.62423,5.69999999999709,118.22999999999593,0.0482111139304515,4.82111139304515,118.22999999999593,,,False,False,False,NO SIGNAL
2026-09-23 08:45:00,2026-09-23 09:00:00,2026-09-24 09:41:14,B-BTC_USDT,15m,86546.56,86822.7,86506.0,86691.93,158.34367,145.36999999999534,316.6999999999971,0.4590148405430902,45.90148405430902,316.6999999999971,,,False,False,False,NO SIGNAL
2026-09-23 09:00:00,2026-09-23 09:15:00,2026-09-24 09:41:14,B-BTC_USDT,15m,86691.94,86975.51,86660.21,86887.99,200.57206,196.0500000000029,315.2999999999884,0.6217887725975584,62.178877259755836,315.2999999999884,,,False,True,False,NO SIGNAL
2026-09-23 09:15:00,2026-09-23 09:30:00,2026-09-24 10:00:17,B-BTC_USDT,15m,86887.99,86888.0,86704.26,86704.27,86.08117,183.7200000000012,183.74000000000524,0.9998911505387826,99.98911505387827,183.74000000000524,,,False,True,False,NO SIGNAL
2026-09-23 09:30:00,2026-09-23 09:45:00,2026-09-24 10:29:37,B-BTC_USDT,15m,86704.27,86898.01,86636.0,86842.0,201.79024,137.72999999999593,262.0099999999948,0.5256669592763584,52.56669592763584,262.0099999999948,,,False,False,False,NO SIGNAL
2026-09-23 09:45:00,2026-09-23 10:00:00,2026-09-24 10:29:37,B-BTC_USDT,15m,86842.01,87246.42,86770.55,87020.02,331.35468,178.0100000000093,475.86999999999534,0.3740727509614202,37.407275096142016,475.86999999999534,,,False,False,False,NO SIGNAL
2026-09-23 10:00:00,2026-09-23 10:15:00,2026-09-24 10:49:49,B-BTC_USDT,15m,87020.01,87278.54,87020.01,87142.43,224.63111,122.41999999999824,258.52999999999884,0.4735233821993533,47.35233821993533,258.52999999999884,,,False,False,False,NO SIGNAL
2026-09-23 10:15:00,2026-09-23 10:30:00,2026-09-24 11:06:40,B-BTC_USDT,15m,87142.42,87223.88,87118.39,87166.95,119.15851,24.52999999999884,105.49000000000524,0.2325338894681734,23.253388946817342,105.49000000000524,,,False,False,False,NO SIGNAL
2026-09-23 10:30:00,2026-09-23 10:45:00,2026-09-24 11:23:06,B-BTC_USDT,15m,87166.94,87166.95,86888.0,86930.26,172.97993,236.6800000000076,278.9499999999971,0.8484674672880804,84.84674672880804,278.9499999999971,,,False,True,False,NO SIGNAL
2026-09-23 10:45:00,2026-09-23 11:00:00,2026-09-24 11:43:20,B-BTC_USDT,15m,86930.25,86958.01,86747.99,86781.65,209.20212,148.60000000000582,210.01999999998952,0.7075516617465634,70.75516617465634,210.01999999998952,,,False,True,False,NO SIGNAL
2026-09-23 11:00:00,2026-09-23 11:15:00,2026-09-24 11:43:20,B-BTC_USDT,15m,86781.65,86830.01,86710.73,86740.63,139.33386,41.01999999998952,119.27999999999884,0.343896713614939,34.3896713614939,119.27999999999884,,,False,False,False,NO SIGNAL
2026-09-23 11:15:00,2026-09-23 11:30:00,2026-09-24 12:08:07,B-BTC_USDT,15m,86740.64,86770.36,86424.0,86496.01,213.08868,244.63000000000463,346.3600000000006,0.7062882549948154,70.62882549948154,346.3600000000006,,,False,True,False,NO SIGNAL
2026-09-23 11:30:00,2026-09-23 11:45:00,2026-09-24 12:26:58,B-BTC_USDT,15m,86496.0,86609.93,86445.17,86606.01,147.82106,110.00999999999476,164.75999999999476,0.6676984705025386,66.76984705025386,164.75999999999476,,,False,True,False,NO SIGNAL
2026-09-23 11:45:00,2026-09-23 12:00:00,2026-09-24 12:26:58,B-BTC_USDT,15m,86606.01,86606.01,86424.0,86424.0,139.35358,182.0099999999948,182.0099999999948,1.0,100.0,182.0099999999948,,,False,True,False,NO SIGNAL
2026-09-23 12:00:00,2026-09-23 12:15:00,2026-09-24 12:49:05,B-BTC_USDT,15m,86424.01,86564.01,86375.0,86562.61,296.18615,138.60000000000582,189.0099999999948,0.7332945346807559,73.32945346807558,189.0099999999948,,,False,True,False,NO SIGNAL
2026-09-23 12:15:00,2026-09-23 12:30:00,2026-09-24 13:06:23,B-BTC_USDT,15m,86562.61,86562.61,86443.4,86469.66,145.54416,92.94999999999708,119.2100000000064,0.7797164667393012,77.97164667393012,119.2100000000064,,,False,True,False,NO SIGNAL
2026-09-23 12:30:00,2026-09-23 12:45:00,2026-09-24 13:22:15,B-BTC_USDT,15m,86469.67,86469.67,86309.94,86358.7,221.6854,110.97000000000116,159.72999999999593,0.6947348650848557,69.47348650848556,159.72999999999593,,,False,True,False,NO SIGNAL
2026-09-23 12:45:00,2026-09-23 13:00:00,2026-09-24 13:40:36,B-BTC_USDT,15m,86358.71,86443.36,86310.26,86406.04,155.93279,47.3299999999872,133.10000000000582,0.355597295266605,35.5597295266605,133.10000000000582,,,False,False,False,NO SIGNAL
2026-09-23 13:00:00,2026-09-23 13:15:00,2026-09-24 13:40:36,B-BTC_USDT,15m,86406.03,86417.74,86000.0,86057.27,300.95647,348.7599999999948,417.7400000000053,0.8348733662086235,83.48733662086235,417.7400000000053,,,False,True,False,NO SIGNAL
2026-09-23 13:15:00,2026-09-23 13:30:00,2026-09-24 14:01:34,B-BTC_USDT,15m,86057.26,86223.77,86055.69,86124.77,223.52936,67.51000000000931,168.08000000000175,0.4016539742980046,40.16539742980046,168.08000000000175,,,False,False,False,NO SIGNAL
2026-09-23 13:30:00,2026-09-23 13:45:00,2026-09-24 14:19:02,B-BTC_USDT,15m,86124.77,86250.0,86082.03,86179.52,131.90466,54.75,167.97000000000116,0.3259510626897637,32.59510626897637,167.97000000000116,,,False,False,False,NO SIGNAL
2026-09-23 13:45:00,2026-09-23 14:00:00,2026-09-24 14:33:21,B-BTC_USDT,15m,86179.52,86264.01,86142.7,86151.37,121.88942,28.15000000000873,121.30999999999769,0.2320501195285571,23.20501195285571,121.30999999999769,,,False,False,False,NO SIGNAL
2026-09-23 14:00:00,2026-09-23 14:15:00,2026-09-24 14:54:11,B-BTC_USDT,15m,86151.37,86213.02,86082.19,86088.01,199.76728,63.36000000000058,130.83000000000175,0.4842925934418691,48.42925934418691,130.83000000000175,,,False,False,False,NO SIGNAL
2026-09-23 14:15:00,2026-09-23 14:30:00,2026-09-24 15:12:16,B-BTC_USDT,15m,86088.01,86092.01,85688.0,85899.99,454.4525,188.01999999998952,404.0099999999948,0.465384520185124,46.5384520185124,404.0099999999948,,,False,False,False,NO SIGNAL
2026-09-23 14:30:00,2026-09-23 14:45:00,2026-09-24 15:26:31,B-BTC_USDT,15m,85899.99,86014.34,85880.49,85945.31,138.72406,45.31999999999243,133.84999999999127,0.3385879716099768,33.858797160997675,133.84999999999127,,,False,False,False,NO SIGNAL
2026-09-23 14:45:00,2026-09-23 15:00:00,2026-09-24 15:26:31,B-BTC_USDT,15m,85945.31,86024.01,85867.29,85888.43,168.36486,56.88000000000466,156.72000000000116,0.3629402756508693,36.29402756508693,156.72000000000116,,,False,False,False,NO SIGNAL
2026-09-23 15:00:00,2026-09-23 15:15:00,2026-09-24 15:47:56,B-BTC_USDT,15m,85888.42,85933.64,85790.0,85800.01,131.81802,88.41000000000349,143.63999999999942,0.6154970760234186,61.54970760234186,143.63999999999942,,,False,True,False,NO SIGNAL
2026-09-23 15:15:00,2026-09-23 15:30:00,2026-09-24 16:05:48,B-BTC_USDT,15m,85800.0,85924.01,85734.01,85854.33,153.9169,54.33000000000175,190.0,0.2859473684210618,28.594736842106176,190.0,,,False,False,False,NO SIGNAL
2026-09-23 15:30:00,2026-09-23 15:45:00,2026-09-24 16:21:29,B-BTC_USDT,15m,85854.34,85934.02,85819.44,85859.25,108.28412,4.9100000000034925,114.58000000000176,0.0428521556991047,4.28521556991047,114.58000000000176,,,False,False,False,NO SIGNAL
2026-09-23 15:45:00,2026-09-23 16:00:00,2026-09-24 16:37:56,B-BTC_USDT,15m,85859.25,85859.25,85658.75,85800.01,174.18965,59.24000000000524,200.5,0.2954613466334426,29.546134663344258,200.5,,,False,False,False,NO SIGNAL
2026-09-23 16:00:00,2026-09-23 16:15:00,2026-09-24 16:57:08,B-BTC_USDT,15m,85800.01,85876.0,85730.69,85876.0,120.89474,75.99000000000524,145.30999999999767,0.5229509324892055,52.29509324892055,145.30999999999767,,,False,False,False,NO SIGNAL
2026-09-23 16:15:00,2026-09-23 16:30:00,2026-09-24 17:14:44,B-BTC_USDT,15m,85876.0,85923.07,85828.0,85923.07,171.53236,47.070000000006985,95.07000000000698,0.4951088671505577,49.51088671505577,95.07000000000698,,,False,False,False,NO SIGNAL
2026-09-23 16:30:00,2026-09-23 16:45:00,2026-09-24 17:27:28,B-BTC_USDT,15m,85923.07,85966.04,85699.11,85742.47,149.58747,180.60000000000585,266.929999999993,0.6765818753980839,67.6581875398084,266.929999999993,,,False,True,False,NO SIGNAL
2026-09-23 16:45:00,2026-09-23 17:00:00,2026-09-24 17:27:28,B-BTC_USDT,15m,85742.46,85748.6,85467.88,85506.01,266.76682,236.45000000001164,280.7200000000012,0.8422983756056236,84.22983756056236,280.7200000000012,,,False,True,False,NO SIGNAL
2026-09-23 17:00:00,2026-09-23 17:15:00,2026-09-24 17:54:00,B-BTC_USDT,15m,85506.01,85596.01,85450.88,85509.99,178.58061,3.980000000010477,145.1299999999901,0.0274236891063925,2.74236891063925,145.1299999999901,,,False,False,False,NO SIGNAL
2026-09-23 17:15:00,2026-09-23 17:30:00,2026-09-24 17:54:00,B-BTC_USDT,15m,85509.99,85677.0,85509.99,85649.95,111.18861,139.95999999999185,167.00999999999476,0.8380336506795775,83.80336506795774,167.00999999999476,,,False,True,False,NO SIGNAL
2026-09-23 17:30:00,2026-09-23 17:45:00,2026-09-24 18:16:36,B-BTC_USDT,15m,85649.96,85675.04,85459.4,85472.63,198.34471,177.33000000000175,215.63999999999945,0.8223427935448072,82.23427935448072,215.63999999999945,,,False,True,False,NO SIGNAL
2026-09-23 17:45:00,2026-09-23 18:00:00,2026-09-24 18:31:17,B-BTC_USDT,15m,85472.63,85518.01,85267.32,85485.41,251.18603,12.779999999998836,250.6899999999877,0.0509792971398917,5.097929713989171,250.6899999999877,,,False,False,False,NO SIGNAL
2026-09-23 18:00:00,2026-09-23 18:15:00,2026-09-24 18:53:17,B-BTC_USDT,15m,85485.41,85600.0,85463.03,85463.04,182.68515,22.37000000000989,136.97000000000116,0.1633204351318515,16.33204351318515,136.97000000000116,,,False,False,False,NO SIGNAL
2026-09-23 18:15:00,2026-09-23 18:30:00,2026-09-24 19:13:01,B-BTC_USDT,15m,85463.04,85550.95,85410.0,85510.91,99.73027,47.870000000009895,140.9499999999971,0.3396239801348767,33.96239801348767,140.9499999999971,,,False,False,False,NO SIGNAL
2026-09-23 18:30:00,2026-09-23 18:45:00,2026-09-24 19:28:11,B-BTC_USDT,15m,85510.9,85519.88,85288.0,85372.0,209.96461,138.89999999999418,231.88000000000463,0.5990167327927868,59.901673279278675,231.88000000000463,,,False,False,False,NO SIGNAL
2026-09-23 18:45:00,2026-09-23 19:00:00,2026-09-24 19:28:11,B-BTC_USDT,15m,85371.99,85588.01,85371.99,85548.0,173.21577,176.00999999999476,216.01999999998952,0.8147856679937195,81.47856679937195,216.01999999998952,,,False,True,False,NO SIGNAL
2026-09-23 19:00:00,2026-09-23 19:15:00,2026-09-24 19:50:23,B-BTC_USDT,15m,85548.01,85878.01,85524.36,85835.08,411.69846,287.070000000007,353.6499999999942,0.8117347660116265,81.17347660116265,353.6499999999942,,,False,True,False,NO SIGNAL
2026-09-23 19:15:00,2026-09-23 19:30:00,2026-09-24 19:50:23,B-BTC_USDT,15m,85835.09,85838.01,85550.3,85792.01,279.95915,43.08000000000175,287.70999999999185,0.1497341072607937,14.97341072607937,287.70999999999185,,,False,False,False,NO SIGNAL
2026-09-23 19:30:00,2026-09-23 19:45:00,2026-09-24 20:27:24,B-BTC_USDT,15m,85792.01,85940.32,84535.6,84875.88,1297.2129,916.12999999999,1404.7200000000012,0.6521797938379102,65.21797938379102,1404.7200000000012,,,False,True,False,NO SIGNAL
2026-09-23 19:45:00,2026-09-23 20:00:00,2026-09-24 20:27:24,B-BTC_USDT,15m,84875.87,84886.92,83928.57,84041.66,1785.74124,834.2099999999919,958.3499999999912,0.8704648614806694,87.04648614806693,958.3499999999912,,,False,True,False,NO SIGNAL
2026-09-23 20:00:00,2026-09-23 20:15:00,2026-09-24 20:49:53,B-BTC_USDT,15m,84041.66,84496.59,83864.07,84312.51,964.44865,270.84999999999127,632.5199999999895,0.4282078037058049,42.82078037058049,632.5199999999895,,,False,False,False,NO SIGNAL
2026-09-23 20:15:00,2026-09-23 20:30:00,2026-09-24 21:07:48,B-BTC_USDT,15m,84312.51,84580.0,84200.0,84533.99,564.92478,221.48000000001048,380.0,0.5828421052631855,58.284210526318546,380.0,,,False,False,False,NO SIGNAL
2026-09-23 20:30:00,2026-09-23 20:45:00,2026-09-24 21:23:17,B-BTC_USDT,15m,84534.0,84722.68,84456.25,84652.63,394.20108,118.63000000000466,266.429999999993,0.4452576661787628,44.52576661787628,266.429999999993,,,False,False,False,NO SIGNAL
2026-09-23 20:45:00,2026-09-23 21:00:00,2026-09-24 21:42:31,B-BTC_USDT,15m,84652.63,84794.01,84491.88,84505.46,439.86754,147.16999999999825,302.1299999999901,0.4871081984576277,48.71081984576277,302.1299999999901,,,False,False,False,NO SIGNAL
2026-09-23 21:00:00,2026-09-23 21:15:00,2026-09-24 21:42:31,B-BTC_USDT,15m,84505.45,84534.01,84277.17,84296.89,480.26847,208.55999999999767,256.8399999999965,0.8120230493692591,81.20230493692591,256.8399999999965,,,False,True,False,NO SIGNAL
2026-09-23 21:15:00,2026-09-23 21:30:00,2026-09-24 22:02:54,B-BTC_USDT,15m,84296.89,84337.55,83950.0,83996.01,572.41577,300.88000000000466,387.5500000000029,0.7763643400851565,77.63643400851565,387.5500000000029,,,False,True,False,NO SIGNAL
2026-09-23 21:30:00,2026-09-23 21:45:00,2026-09-24 22:19:45,B-BTC_USDT,15m,83996.0,84363.19,83500.01,84345.88,794.75362,349.88000000000466,863.1800000000076,0.405338399870249,40.5338399870249,863.1800000000076,,,False,False,False,NO SIGNAL
2026-09-23 21:45:00,2026-09-23 22:00:00,2026-09-24 22:34:32,B-BTC_USDT,15m,84345.88,84350.0,84139.31,84239.38,193.40172,106.5,210.6900000000024,0.5054819877545152,50.548198775451525,210.6900000000024,,,False,False,False,NO SIGNAL
2026-09-23 22:00:00,2026-09-23 22:15:00,2026-09-24 22:52:31,B-BTC_USDT,15m,84239.38,84335.0,83939.23,84091.13,243.75858,148.25,395.7700000000041,0.3745862495894041,37.45862495894041,395.7700000000041,,,False,False,False,NO SIGNAL
2026-09-23 22:15:00,2026-09-23 22:30:00,2026-09-24 23:09:01,B-BTC_USDT,15m,84091.13,84146.37,83846.94,84038.0,258.16832,53.13000000000466,299.429999999993,0.1774371305480609,17.74371305480609,299.429999999993,,,False,False,False,NO SIGNAL
2026-09-23 22:30:00,2026-09-23 22:45:00,2026-09-24 23:22:36,B-BTC_USDT,15m,84038.01,84182.0,83699.27,83810.47,395.41045,227.5399999999936,482.7299999999959,0.4713608021046869,47.13608021046869,482.7299999999959,,,False,False,False,NO SIGNAL
2026-09-23 22:45:00,2026-09-23 23:00:00,2026-09-24 23:42:47,B-BTC_USDT,15m,83810.48,84225.8,83786.0,84064.49,250.708,254.0100000000093,439.8000000000029,0.5775579809004266,57.75579809004267,439.8000000000029,,,False,False,False,NO SIGNAL
2026-09-23 23:00:00,2026-09-23 23:15:00,2026-09-24 23:42:47,B-BTC_USDT,15m,84064.49,84259.25,83983.23,84259.24,181.12011,194.75,276.0200000000041,0.7055648141438922,70.55648141438921,276.0200000000041,,,False,True,False,NO SIGNAL
2026-09-23 23:15:00,2026-09-23 23:30:00,2026-09-25 00:04:25,B-BTC_USDT,15m,84259.24,84392.56,84256.62,84326.56,325.88056,67.31999999999243,135.94000000000233,0.4952184787405567,49.521847874055666,135.94000000000233,,,False,False,False,NO SIGNAL
2026-09-23 23:30:00,2026-09-23 23:45:00,2026-09-25 00:22:23,B-BTC_USDT,15m,84326.55,84340.42,84162.0,84203.35,224.6673,123.19999999999708,178.41999999999825,0.6905055487052926,69.05055487052925,178.41999999999825,,,False,True,False,NO SIGNAL
2026-09-23 23:45:00,2026-09-24 00:00:00,2026-09-25 00:39:15,B-BTC_USDT,15m,84203.36,84275.57,84143.17,84158.01,155.92102,45.35000000000582,132.40000000000873,0.3425226586102933,34.25226586102933,132.40000000000873,,,False,False,False,NO SIGNAL
2026-09-24 00:00:00,2026-09-24 00:15:00,2026-09-25 00:56:23,B-BTC_USDT,15m,84158.0,84234.31,84136.0,84230.23,112.83478,72.22999999999593,98.30999999999769,0.734716712440216,73.47167124402159,98.30999999999769,,,False,True,False,NO SIGNAL
2026-09-24 00:15:00,2026-09-24 00:30:00,2026-09-25 01:13:06,B-BTC_USDT,15m,84230.01,84411.0,84197.0,84330.0,167.9837,99.99000000000524,214.0,0.4672429906542301,46.72429906542301,214.0,,,False,False,False,NO SIGNAL
2026-09-24 00:30:00,2026-09-24 00:45:00,2026-09-25 01:26:17,B-BTC_USDT,15m,84330.0,84399.57,84228.0,84370.9,189.53575,40.89999999999418,171.57000000000698,0.2383866643352131,23.83866643352131,171.57000000000698,,,False,False,False,NO SIGNAL
2026-09-24 00:45:00,2026-09-24 01:00:00,2026-09-25 01:26:17,B-BTC_USDT,15m,84370.91,84465.0,84308.0,84410.0,139.4588,39.08999999999651,157.0,0.2489808917197229,24.89808917197229,157.0,,,False,False,False,NO SIGNAL
2026-09-24 01:00:00,2026-09-24 01:15:00,2026-09-25 01:48:30,B-BTC_USDT,15m,84410.0,84493.42,84398.12,84448.0,128.72387,38.0,95.30000000000292,0.3987408184679836,39.87408184679836,95.30000000000292,,,False,False,False,NO SIGNAL
2026-09-24 01:15:00,2026-09-24 01:30:00,2026-09-25 02:06:29,B-BTC_USDT,15m,84448.0,84565.21,84436.68,84518.0,210.23507,70.0,128.5300000000134,0.5446199330894943,54.46199330894943,128.5300000000134,,,False,False,False,NO SIGNAL
2026-09-24 01:30:00,2026-09-24 01:45:00,2026-09-25 02:22:58,B-BTC_USDT,15m,84518.0,84569.94,84280.0,84340.0,152.71831,178.0,289.9400000000023,0.6139201214044235,61.392012140442354,289.9400000000023,,,False,True,False,NO SIGNAL
2026-09-24 01:45:00,2026-09-24 02:00:00,2026-09-25 02:40:17,B-BTC_USDT,15m,84340.01,84398.01,84256.0,84303.33,87.20138,36.679999999993015,142.00999999999476,0.2582916696006926,25.829166960069262,142.00999999999476,,,False,False,False,NO SIGNAL
2026-09-24 02:00:00,2026-09-24 02:15:00,2026-09-25 02:57:41,B-BTC_USDT,15m,84303.34,84424.01,84300.92,84401.19,87.65332,97.85000000000582,123.08999999999652,0.7949467869039613,79.49467869039613,123.08999999999652,,,False,True,False,NO SIGNAL
2026-09-24 02:15:00,2026-09-24 02:30:00,2026-09-25 03:13:21,B-BTC_USDT,15m,84401.2,84414.01,84224.01,84232.86,95.41472,168.3399999999965,190.0,0.8859999999999816,88.59999999999816,190.0,,,False,True,False,NO SIGNAL
2026-09-24 02:30:00,2026-09-24 02:45:00,2026-09-25 03:25:58,B-BTC_USDT,15m,84232.86,84372.69,84212.68,84370.73,130.49004,137.86999999999534,160.0100000000093,0.8616336478969272,86.16336478969272,160.0100000000093,,,False,True,False,NO SIGNAL
2026-09-24 02:45:00,2026-09-24 03:00:00,2026-09-25 03:25:58,B-BTC_USDT,15m,84370.74,84418.01,84328.88,84418.0,115.56409,47.25999999999476,89.1299999999901,0.5302367328621116,53.02367328621116,89.1299999999901,,,False,False,False,NO SIGNAL
2026-09-24 03:00:00,2026-09-24 03:15:00,2026-09-25 03:46:57,B-BTC_USDT,15m,84418.0,84514.17,84417.99,84499.29,89.60363,81.2899999999936,96.17999999999302,0.8451861093782439,84.51861093782439,96.17999999999302,,,False,True,False,NO SIGNAL
2026-09-24 03:15:00,2026-09-24 03:30:00,2026-09-25 04:02:56,B-BTC_USDT,15m,84499.29,84516.01,84419.48,84419.48,80.8677,79.80999999999767,96.52999999999884,0.8267895990883521,82.67895990883521,96.52999999999884,,,False,True,False,NO SIGNAL
2026-09-24 03:30:00,2026-09-24 03:45:00,2026-09-25 04:18:13,B-BTC_USDT,15m,84419.49,84670.01,84344.51,84594.0,131.93603,174.50999999999476,325.5,0.5361290322580484,53.61290322580484,325.5,,,False,False,False,NO SIGNAL
2026-09-24 03:45:00,2026-09-24 04:00:00,2026-09-25 04:31:07,B-BTC_USDT,15m,84594.0,84600.01,84484.0,84484.01,80.54233,109.99000000000524,116.00999999999476,0.9481079217309732,94.81079217309733,116.00999999999476,,,False,True,False,NO SIGNAL
2026-09-24 04:00:00,2026-09-24 04:15:00,2026-09-25 04:49:48,B-BTC_USDT,15m,84484.0,84522.68,84396.25,84496.0,79.65935,12.0,126.42999999999302,0.0949141817606633,9.491418176066329,126.42999999999302,,,False,False,False,NO SIGNAL
2026-09-24 04:15:00,2026-09-24 04:30:00,2026-09-25 05:05:07,B-BTC_USDT,15m,84496.01,84620.0,84493.48,84563.01,68.89478,67.0,126.52000000000407,0.5295605437875264,52.95605437875264,126.52000000000407,,,False,False,False,NO SIGNAL
2026-09-24 04:30:00,2026-09-24 04:45:00,2026-09-25 05:18:37,B-BTC_USDT,15m,84563.01,84566.0,84480.33,84492.08,68.20708,70.92999999999302,85.66999999999825,0.8279444379595479,82.79444379595479,85.66999999999825,,,False,True,False,NO SIGNAL
2026-09-24 04:45:00,2026-09-24 05:00:00,2026-09-25 05:32:26,B-BTC_USDT,15m,84492.08,84508.01,84432.0,84483.95,27.82658,8.130000000004657,76.00999999999476,0.1069596105776242,10.69596105776242,76.00999999999476,,,False,False,False,NO SIGNAL
2026-09-24 05:00:00,2026-09-24 05:15:00,2026-09-25 05:32:26,B-BTC_USDT,15m,84483.95,84512.0,84440.0,84464.0,44.32954,19.94999999999709,72.0,0.2770833333332929,27.70833333332929,72.0,,,False,False,False,NO SIGNAL
2026-09-24 05:15:00,2026-09-24 05:30:00,2026-09-25 06:00:22,B-BTC_USDT,15m,84464.01,84476.01,84352.0,84397.6,59.62158,66.40999999998894,124.00999999999476,0.5355213289250201,53.552132892502016,124.00999999999476,,,False,False,False,NO SIGNAL
2026-09-24 05:30:00,2026-09-24 05:45:00,2026-09-25 06:19:31,B-BTC_USDT,15m,84397.6,84494.5,84300.0,84358.0,83.57968,39.60000000000582,194.5,0.2035989717223949,20.359897172239492,194.5,,,False,False,False,NO SIGNAL
2026-09-24 05:45:00,2026-09-24 06:00:00,2026-09-25 06:34:12,B-BTC_USDT,15m,84358.0,84440.87,84337.98,84338.0,123.59696,20.0,102.88999999999942,0.1943823500826136,19.43823500826136,102.88999999999942,,,False,False,False,NO SIGNAL
2026-09-24 06:00:00,2026-09-24 06:15:00,2026-09-25 06:51:48,B-BTC_USDT,15m,84338.0,84452.52,84274.1,84364.0,197.46349,26.0,178.41999999999825,0.145723573590406,14.5723573590406,178.41999999999825,,,False,False,False,NO SIGNAL
2026-09-24 06:15:00,2026-09-24 06:30:00,2026-09-25 07:07:14,B-BTC_USDT,15m,84364.0,84371.76,84213.99,84318.0,93.61436,46.0,157.76999999998952,0.2915636686315716,29.156366863157164,157.76999999998952,,,False,False,False,NO SIGNAL
2026-09-24 06:30:00,2026-09-24 06:45:00,2026-09-25 07:21:04,B-BTC_USDT,15m,84318.0,84401.17,84252.0,84281.96,84.79885,36.0399999999936,149.16999999999825,0.2416035395856675,24.16035395856675,149.16999999999825,,,False,False,False,NO SIGNAL
2026-09-24 06:45:00,2026-09-24 07:00:00,2026-09-25 07:36:37,B-BTC_USDT,15m,84281.96,84334.04,84186.0,84230.0,194.48242,51.9600000000064,148.0399999999936,0.350986219940615,35.0986219940615,148.0399999999936,,,False,False,False,NO SIGNAL
2026-09-24 07:00:00,2026-09-24 07:15:00,2026-09-25 07:55:07,B-BTC_USDT,15m,84230.0,84470.47,84077.45,84138.08,174.30968,91.91999999999824,393.0200000000041,0.2338812274184451,23.388122741844512,393.0200000000041,,,False,False,False,NO SIGNAL
2026-09-24 07:15:00,2026-09-24 07:30:00,2026-09-25 08:12:05,B-BTC_USDT,15m,84138.08,84188.16,84064.0,84104.35,131.21201,33.729999999995925,124.16000000000348,0.2716655927834647,27.16655927834647,124.16000000000348,,,False,False,False,NO SIGNAL
2026-09-24 07:30:00,2026-09-24 07:45:00,2026-09-25 08:26:31,B-BTC_USDT,15m,84104.35,84126.13,83744.7,83946.56,372.32207,157.79000000000815,381.4300000000076,0.4136800985764229,41.36800985764229,381.4300000000076,,,False,False,False,NO SIGNAL
2026-09-24 07:45:00,2026-09-24 08:00:00,2026-09-25 08:26:31,B-BTC_USDT,15m,83946.57,84250.0,83946.57,84164.19,121.26929,217.6199999999953,303.429999999993,0.7172000131826133,71.72000131826132,303.4400000000023,,,False,True,False,NO SIGNAL
2026-09-24 08:00:00,2026-09-24 08:15:00,2026-09-25 08:47:08,B-BTC_USDT,15m,84164.2,84337.0,84137.48,84332.01,89.17444,167.80999999999767,199.52000000000407,0.841068564554903,84.1068564554903,199.52000000000407,,,False,True,False,NO SIGNAL
2026-09-24 08:15:00,2026-09-24 08:30:00,2026-09-25 09:04:38,B-BTC_USDT,15m,84332.0,84372.01,84332.0,84365.54,67.09046,33.5399999999936,40.00999999999476,0.8382904273931014,83.82904273931014,40.00999999999476,,,False,True,False,NO SIGNAL
2026-09-24 08:30:00,2026-09-24 08:45:00,2026-09-25 09:20:35,B-BTC_USDT,15m,84365.55,84480.01,84242.0,84333.55,112.74913,32.0,238.0099999999948,0.1344481324314134,13.44481324314134,238.0099999999948,,,False,False,False,NO SIGNAL
2026-09-24 08:45:00,2026-09-24 09:00:00,2026-09-25 09:36:06,B-BTC_USDT,15m,84333.55,84360.01,84000.0,84056.0,86.30475,277.5500000000029,360.0099999999948,0.7709508069220492,77.09508069220492,360.0099999999948,,,False,True,False,NO SIGNAL
2026-09-24 09:00:00,2026-09-24 09:15:00,2026-09-25 09:56:15,B-BTC_USDT,15m,84056.01,84056.01,83878.0,84010.01,95.74245,46.0,178.00999999999476,0.2584124487388425,25.84124487388425,178.00999999999476,,,False,False,False,NO SIGNAL
2026-09-24 09:15:00,2026-09-24 09:30:00,2026-09-25 09:56:15,B-BTC_USDT,15m,84010.01,84023.33,83850.0,83934.01,74.10012,76.0,173.33000000000175,0.4384699705763528,43.84699705763528,173.33000000000175,,,False,False,False,NO SIGNAL
2026-09-24 09:30:00,2026-09-24 09:45:00,2026-09-25 10:29:17,B-BTC_USDT,15m,83934.01,83962.01,83810.09,83822.0,114.34766,112.00999999999476,151.91999999999825,0.7372959452343079,73.72959452343079,151.91999999999825,,,False,True,False,NO SIGNAL
2026-09-24 09:45:00,2026-09-24 10:00:00,2026-09-25 10:29:17,B-BTC_USDT,15m,83822.01,83937.96,83781.89,83934.54,112.27222,112.52999999999884,156.07000000000698,0.7210226180559608,72.10226180559609,156.07000000000698,,,False,True,False,NO SIGNAL
2026-09-24 10:00:00,2026-09-24 10:15:00,2026-09-25 10:49:35,B-BTC_USDT,15m,83934.54,83934.55,83854.38,83875.41,44.17959,59.129999999990105,80.16999999999825,0.7375576899088361,73.75576899088361,80.16999999999825,,,False,True,False,NO SIGNAL
2026-09-24 10:15:00,2026-09-24 10:30:00,2026-09-25 11:06:50,B-BTC_USDT,15m,83875.41,84054.05,83794.0,84046.0,90.33755,170.5899999999965,260.0500000000029,0.6559892328398177,65.59892328398178,260.0500000000029,,,False,True,False,NO SIGNAL
2026-09-24 10:30:00,2026-09-24 10:45:00,2026-09-25 11:23:02,B-BTC_USDT,15m,84046.0,84400.0,84041.64,84200.0,106.62775,154.0,358.3600000000006,0.4297354615470469,42.97354615470469,358.3600000000006,,,False,False,False,NO SIGNAL
2026-09-24 10:45:00,2026-09-24 11:00:00,2026-09-25 11:44:21,B-BTC_USDT,15m,84200.01,84234.01,84132.0,84183.0,61.3609,17.00999999999476,102.00999999999476,0.1667483580040744,16.67483580040744,102.00999999999476,,,False,False,False,NO SIGNAL
2026-09-24 11:00:00,2026-09-24 11:15:00,2026-09-25 11:44:21,B-BTC_USDT,15m,84183.0,84248.01,84110.0,84194.0,58.46898,11.0,138.00999999999476,0.0797043692486082,7.97043692486082,138.00999999999476,,,False,False,False,NO SIGNAL
2026-09-24 11:15:00,2026-09-24 11:30:00,2026-09-25 12:09:13,B-BTC_USDT,15m,84194.0,84240.01,83959.55,83978.02,90.82821,215.97999999999595,280.45999999999185,0.7700919917278835,77.00919917278834,280.45999999999185,,,False,True,False,NO SIGNAL
2026-09-24 11:30:00,2026-09-24 11:45:00,2026-09-25 12:28:03,B-BTC_USDT,15m,83978.02,84189.52,83918.84,84118.01,155.53707,139.9899999999907,270.6800000000076,0.5171789567015914,51.717895670159145,270.6800000000076,,,False,False,False,NO SIGNAL
2026-09-24 11:45:00,2026-09-24 12:00:00,2026-09-25 12:28:03,B-BTC_USDT,15m,84118.01,84206.27,84072.06,84193.98,176.65633,75.97000000000116,134.2100000000064,0.5660532002086099,56.605320020860994,134.2100000000064,,,False,False,False,NO SIGNAL
2026-09-24 12:00:00,2026-09-24 12:15:00,2026-09-25 12:50:24,B-BTC_USDT,15m,84193.98,84225.07,84153.9,84190.01,96.86962,3.970000000001164,71.1700000000128,0.0557819305887375,5.57819305887375,71.1700000000128,,,False,False,False,NO SIGNAL
2026-09-24 12:15:00,2026-09-24 12:30:00,2026-09-25 13:08:22,B-BTC_USDT,15m,84190.01,84199.81,84090.11,84113.99,61.30928,76.01999999998952,109.69999999999708,0.6929808568823295,69.29808568823294,109.69999999999708,,,False,True,False,NO SIGNAL
2026-09-24 12:30:00,2026-09-24 12:45:00,2026-09-25 13:23:47,B-BTC_USDT,15m,84114.0,84146.01,83950.0,84089.38,124.52939,24.619999999995343,196.0099999999948,0.125605836436896,12.560583643689599,196.0099999999948,,,False,False,False,NO SIGNAL
2026-09-24 12:45:00,2026-09-24 13:00:00,2026-09-25 13:43:28,B-BTC_USDT,15m,84089.38,84411.55,84062.01,84411.55,147.72016,322.16999999999825,349.5400000000081,0.9216970876008204,92.16970876008203,349.5400000000081,,,False,True,False,NO SIGNAL
2026-09-24 13:00:00,2026-09-24 13:15:00,2026-09-25 13:43:28,B-BTC_USDT,15m,84411.55,84578.01,84378.77,84430.17,382.16168,18.619999999995343,199.2399999999907,0.0934551294920508,9.34551294920508,199.2399999999907,,,False,False,False,NO SIGNAL
2026-09-24 13:15:00,2026-09-24 13:30:00,2026-09-25 14:04:02,B-BTC_USDT,15m,84430.18,84612.01,84372.0,84524.02,328.76845,93.84000000001106,240.0099999999948,0.3909837090121791,39.09837090121791,240.0099999999948,,,False,False,False,NO SIGNAL
2026-09-24 13:30:00,2026-09-24 13:45:00,2026-09-25 14:21:15,B-BTC_USDT,15m,84524.02,84622.01,84401.49,84401.99,362.31332,122.02999999999884,220.51999999998952,0.553373843642321,55.3373843642321,220.51999999998952,,,False,False,False,NO SIGNAL
2026-09-24 13:45:00,2026-09-24 14:00:00,2026-09-25 14:37:47,B-BTC_USDT,15m,84402.0,84463.99,83778.0,83778.01,337.31025,623.9900000000052,685.9900000000052,0.909619673756178,90.9619673756178,685.9900000000052,,,False,True,False,NO SIGNAL
2026-09-24 14:00:00,2026-09-24 14:15:00,2026-09-25 14:58:09,B-BTC_USDT,15m,83778.01,83972.01,83630.0,83738.0,316.35732,40.00999999999476,342.0099999999948,0.1169848834829255,11.69848834829255,342.0099999999948,,,False,False,False,NO SIGNAL
2026-09-24 14:15:00,2026-09-24 14:30:00,2026-09-25 14:58:09,B-BTC_USDT,15m,83738.0,83777.15,83301.0,83660.0,588.9672,78.0,476.1499999999942,0.1638139241835576,16.381392418355762,476.1499999999942,,,False,False,False,NO SIGNAL
2026-09-24 14:30:00,2026-09-24 14:45:00,2026-09-25 15:29:42,B-BTC_USDT,15m,83660.01,83743.43,83459.36,83460.72,234.08782,199.2899999999936,284.06999999999243,0.7015524342591576,70.15524342591576,284.06999999999243,,,False,True,False,NO SIGNAL
2026-09-24 14:45:00,2026-09-24 15:00:00,2026-09-25 15:29:42,B-BTC_USDT,15m,83460.72,83522.01,83338.01,83364.0,246.00622,96.72000000000116,184.0,0.5256521739130499,52.565217391304984,184.0,,,False,False,False,NO SIGNAL
2026-09-24 15:00:00,2026-09-24 15:15:00,2026-09-25 15:51:02,B-BTC_USDT,15m,83364.0,83364.01,82874.93,83170.52,1001.8735,193.47999999999595,489.08000000000175,0.3955999018565372,39.55999018565372,489.08000000000175,,,False,False,False,NO SIGNAL
2026-09-24 15:15:00,2026-09-24 15:30:00,2026-09-25 16:09:25,B-BTC_USDT,15m,83170.52,83278.01,83036.0,83263.95,258.08,93.42999999999302,242.0099999999948,0.3860584273376928,38.60584273376928,242.0099999999948,,,False,False,False,NO SIGNAL
2026-09-24 15:30:00,2026-09-24 15:45:00,2026-09-25 16:24:41,B-BTC_USDT,15m,83263.96,83390.0,83156.0,83302.0,255.51823,38.0399999999936,234.0,0.1625641025640752,16.25641025640752,234.0,,,False,False,False,NO SIGNAL
2026-09-24 15:45:00,2026-09-24 16:00:00,2026-09-25 16:44:39,B-BTC_USDT,15m,83302.0,83366.01,83174.24,83264.01,232.72819,37.99000000000524,191.76999999998952,0.1981018928925656,19.81018928925656,191.76999999998952,,,False,False,False,NO SIGNAL
2026-09-24 16:00:00,2026-09-24 16:15:00,2026-09-25 16:44:39,B-BTC_USDT,15m,83264.0,83454.61,83166.0,83397.34,139.85068,133.3399999999965,288.6100000000006,0.4620075534458135,46.20075534458135,288.6100000000006,,,False,False,False,NO SIGNAL
2026-09-24 16:15:00,2026-09-24 16:30:00,2026-09-25 17:03:05,B-BTC_USDT,15m,83397.34,83566.66,83370.8,83512.2,320.42784,114.86000000000058,195.86000000000053,0.5864392933728185,58.643929337281854,195.86000000000053,,,False,False,False,NO SIGNAL
2026-09-24 16:30:00,2026-09-24 16:45:00,2026-09-25 17:19:41,B-BTC_USDT,15m,83512.2,83595.54,83506.76,83572.01,121.43164,59.80999999999767,88.77999999999884,0.6736877675151888,67.36877675151888,88.77999999999884,,,False,True,False,NO SIGNAL
2026-09-24 16:45:00,2026-09-24 17:00:00,2026-09-25 17:35:32,B-BTC_USDT,15m,83572.01,83616.01,83491.7,83522.0,175.72313,50.00999999999476,124.30999999999769,0.4023006998632105,40.23006998632105,124.30999999999769,,,False,False,False,NO SIGNAL
2026-09-24 17:00:00,2026-09-24 17:15:00,2026-09-25 17:35:32,B-BTC_USDT,15m,83522.0,83549.35,83410.69,83455.32,94.7092,66.67999999999302,138.6600000000035,0.4808885042549498,48.088850425494975,138.6600000000035,,,False,False,False,NO SIGNAL
2026-09-24 17:15:00,2026-09-24 17:30:00,2026-09-25 18:00:13,B-BTC_USDT,15m,83455.61,83549.65,83399.47,83494.58,155.39493,38.97000000000117,150.17999999999302,0.2594886136636234,25.94886136636234,150.17999999999302,,,False,False,False,NO SIGNAL
2026-09-24 17:30:00,2026-09-24 17:45:00,2026-09-25 18:21:38,B-BTC_USDT,15m,83494.59,83600.01,83394.0,83533.16,120.2161,38.570000000006985,206.0099999999948,0.1872239211689139,18.72239211689139,206.0099999999948,,,False,False,False,NO SIGNAL
2026-09-24 17:45:00,2026-09-24 18:00:00,2026-09-25 18:40:15,B-BTC_USDT,15m,83533.16,83670.01,83525.0,83550.01,141.22567,16.84999999999127,145.00999999999476,0.1161988828356104,11.61988828356104,145.00999999999476,,,False,False,False,NO SIGNAL
2026-09-24 18:00:00,2026-09-24 18:15:00,2026-09-25 18:40:15,B-BTC_USDT,15m,83550.01,83579.36,83346.66,83500.01,120.23542,50.0,232.6999999999971,0.2148689299527315,21.48689299527315,232.6999999999971,,,False,False,False,NO SIGNAL
2026-09-24 18:15:00,2026-09-24 18:30:00,2026-09-25 19:00:47,B-BTC_USDT,15m,83500.01,83657.5,83427.69,83604.26,113.97928,104.25,229.80999999999767,0.4536356120273315,45.36356120273315,229.80999999999767,,,False,False,False,NO SIGNAL
2026-09-24 18:30:00,2026-09-24 18:45:00,2026-09-25 19:19:02,B-BTC_USDT,15m,83604.26,83760.01,83600.0,83755.87,139.19844,151.61000000000058,160.00999999999476,0.9475032810449694,94.75032810449694,160.00999999999476,,,False,True,False,NO SIGNAL
2026-09-24 18:45:00,2026-09-24 19:00:00,2026-09-25 19:33:27,B-BTC_USDT,15m,83755.88,83960.0,83728.0,83780.0,189.21174,24.119999999995343,232.0,0.1039655172413592,10.39655172413592,232.0,,,False,False,False,NO SIGNAL
2026-09-24 19:00:00,2026-09-24 19:15:00,2026-09-25 19:54:43,B-BTC_USDT,15m,83780.01,84340.01,83759.21,83942.0,484.20778,161.99000000000524,580.7999999999884,0.2789084022038713,27.89084022038713,580.7999999999884,,,False,False,False,NO SIGNAL
2026-09-24 19:15:00,2026-09-24 19:30:00,2026-09-25 20:14:48,B-BTC_USDT,15m,83942.01,84258.43,83856.0,84258.43,260.66537,316.41999999999825,402.429999999993,0.7862733891608572,78.62733891608572,402.429999999993,,,False,True,False,NO SIGNAL
2026-09-24 19:30:00,2026-09-24 19:45:00,2026-09-25 20:29:18,B-BTC_USDT,15m,84258.42,84368.17,84132.0,84230.0,279.50218,28.419999999998254,236.16999999999825,0.120337045348683,12.033704534868301,236.16999999999825,,,False,False,False,NO SIGNAL
2026-09-24 19:45:00,2026-09-24 20:00:00,2026-09-25 20:29:18,B-BTC_USDT,15m,84230.0,84942.45,84144.0,84875.22,502.50244,645.2200000000012,798.4499999999971,0.8080906756841424,80.80906756841424,798.4499999999971,,,False,True,False,NO SIGNAL
2026-09-24 20:00:00,2026-09-24 20:15:00,2026-09-25 20:51:47,B-BTC_USDT,15m,84875.22,84875.22,84391.49,84413.67,750.18271,461.5500000000029,483.7299999999959,0.954147975110096,95.4147975110096,483.7299999999959,,,False,True,False,NO SIGNAL
2026-09-24 20:15:00,2026-09-24 20:30:00,2026-09-25 21:09:09,B-BTC_USDT,15m,84413.66,84414.5,83388.88,83673.77,650.81294,739.8899999999994,1025.6199999999951,0.7214075388545492,72.14075388545493,1025.6199999999951,,,False,True,False,NO SIGNAL
2026-09-24 20:30:00,2026-09-24 20:45:00,2026-09-25 21:23:40,B-BTC_USDT,15m,83673.77,83930.01,83508.0,83901.07,343.04962,227.3000000000029,422.0099999999948,0.5386128290798932,53.86128290798931,422.0099999999948,,,False,False,False,NO SIGNAL
2026-09-24 20:45:00,2026-09-24 21:00:00,2026-09-25 21:43:39,B-BTC_USDT,15m,83901.06,84249.99,83885.35,84125.71,260.11141,224.6500000000088,364.6399999999994,0.6160870996051149,61.60870996051149,364.6399999999994,,,False,True,False,NO SIGNAL
2026-09-24 21:00:00,2026-09-24 21:15:00,2026-09-25 21:43:39,B-BTC_USDT,15m,84125.71,84457.39,84108.0,84428.0,254.30015,302.2899999999936,349.3899999999994,0.8651936231717968,86.51936231717968,349.3899999999994,,,False,True,False,NO SIGNAL
2026-09-24 21:15:00,2026-09-24 21:30:00,2026-09-25 22:04:07,B-BTC_USDT,15m,84428.0,84468.01,84292.0,84418.0,153.57441,10.0,176.00999999999476,0.0568149536958144,5.68149536958144,176.00999999999476,,,False,False,False,NO SIGNAL
2026-09-24 21:30:00,2026-09-24 21:45:00,2026-09-25 22:21:34,B-BTC_USDT,15m,84418.01,84432.01,84044.02,84262.01,192.08693,156.0,387.9899999999907,0.4020722183561528,40.20722183561528,387.9899999999907,,,False,False,False,NO SIGNAL
2026-09-24 21:45:00,2026-09-24 22:00:00,2026-09-25 22:37:11,B-BTC_USDT,15m,84262.01,84837.0,84262.01,84706.72,461.25186,444.7100000000064,574.9900000000052,0.7734221464721166,77.34221464721166,574.9900000000052,,,False,True,False,NO SIGNAL
2026-09-24 22:00:00,2026-09-24 22:15:00,2026-09-25 22:55:52,B-BTC_USDT,15m,84706.73,84924.01,84444.0,84555.65,313.92768,151.08000000000175,480.0099999999948,0.3147434428449478,31.474344284494784,480.0099999999948,,,False,False,False,NO SIGNAL
2026-09-24 22:15:00,2026-09-24 22:30:00,2026-09-25 23:14:11,B-BTC_USDT,15m,84555.65,84710.01,84426.0,84500.33,193.12557,55.31999999999243,284.0099999999948,0.1947818738776573,19.47818738776573,284.0099999999948,,,False,False,False,NO SIGNAL
2026-09-24 22:30:00,2026-09-24 22:45:00,2026-09-25 23:27:40,B-BTC_USDT,15m,84500.32,84562.01,84369.31,84478.0,179.76751,22.320000000006985,192.6999999999971,0.115827711468642,11.5827711468642,192.6999999999971,,,False,False,False,NO SIGNAL
2026-09-24 22:45:00,2026-09-24 23:00:00,2026-09-25 23:27:40,B-BTC_USDT,15m,84478.0,84542.01,84210.12,84329.71,210.19451,148.2899999999936,331.8899999999994,0.44680466419595,44.680466419595,331.8899999999994,,,False,False,False,NO SIGNAL
2026-09-24 23:00:00,2026-09-24 23:15:00,2026-09-25 23:51:04,B-BTC_USDT,15m,84329.71,84439.63,84144.15,84172.01,138.80155,157.70000000001164,295.4800000000105,0.5337078651685598,53.370786516855986,295.4800000000105,,,False,False,False,NO SIGNAL
2026-09-24 23:15:00,2026-09-24 23:30:00,2026-09-26 00:09:55,B-BTC_USDT,15m,84172.0,84222.01,84017.68,84110.0,174.05014,62.0,204.3300000000017,0.3034307248079061,30.34307248079061,204.3300000000017,,,False,False,False,NO SIGNAL
2026-09-24 23:30:00,2026-09-24 23:45:00,2026-09-26 00:25:57,B-BTC_USDT,15m,84110.0,84258.01,83888.0,84258.0,132.2105,148.0,370.0099999999948,0.399989189481371,39.9989189481371,370.0099999999948,,,False,False,False,NO SIGNAL
2026-09-24 23:45:00,2026-09-25 00:00:00,2026-09-26 00:44:44,B-BTC_USDT,15m,84258.0,84482.29,84242.0,84424.01,126.72784,166.00999999999476,240.2899999999936,0.6908735278205468,69.08735278205468,240.2899999999936,,,False,True,False,NO SIGNAL
2026-09-25 00:00:00,2026-09-25 00:15:00,2026-09-26 00:44:44,B-BTC_USDT,15m,84424.01,84554.0,84258.0,84423.84,148.6238,0.1699999999982537,296.0,0.0005743243243184,0.05743243243184,296.0,,,False,False,False,NO SIGNAL
2026-09-25 00:15:00,2026-09-25 00:30:00,2026-09-26 01:00:22,B-BTC_USDT,15m,84423.84,84540.01,84367.8,84476.01,103.68304,52.169999999998254,172.20999999999185,0.3029440799024488,30.29440799024488,172.20999999999185,,,False,False,False,NO SIGNAL
2026-09-25 00:30:00,2026-09-25 00:45:00,2026-09-26 01:29:07,B-BTC_USDT,15m,84476.01,84629.72,84298.0,84583.99,170.55204,107.98000000001048,331.7200000000012,0.32551549499581,32.551549499581,331.7200000000012,,,False,False,False,NO SIGNAL
2026-09-25 00:45:00,2026-09-25 01:00:00,2026-09-26 01:29:07,B-BTC_USDT,15m,84584.0,84660.0,84540.0,84643.87,128.67036,59.86999999999534,120.0,0.4989166666666279,49.891666666662786,120.0,,,False,False,False,NO SIGNAL
2026-09-25 01:00:00,2026-09-25 01:15:00,2026-09-26 01:48:38,B-BTC_USDT,15m,84643.87,84643.88,84416.12,84451.24,159.70672,192.6299999999901,227.7600000000093,0.845758693361355,84.5758693361355,227.7600000000093,,,False,True,False,NO SIGNAL
2026-09-25 01:15:00,2026-09-25 01:30:00,2026-09-26 02:05:48,B-BTC_USDT,15m,84451.24,84576.9,84309.06,84412.65,191.4533,38.59000000001106,267.8399999999965,0.1440785543608556,14.407855436085558,267.8399999999965,,,False,False,False,NO SIGNAL
2026-09-25 01:30:00,2026-09-25 01:45:00,2026-09-26 02:22:08,B-BTC_USDT,15m,84412.64,84442.61,84244.0,84250.0,153.81371,162.63999999999942,198.61000000000053,0.8188912944967471,81.88912944967471,198.61000000000053,,,False,True,False,NO SIGNAL
2026-09-25 01:45:00,2026-09-25 02:00:00,2026-09-26 02:39:12,B-BTC_USDT,15m,84250.01,84317.91,84170.0,84266.0,117.34277,15.99000000000524,147.9100000000035,0.1081062808464935,10.81062808464935,147.9100000000035,,,False,False,False,NO SIGNAL
2026-09-25 02:00:00,2026-09-25 02:15:00,2026-09-26 02:57:24,B-BTC_USDT,15m,84266.01,84412.82,84206.0,84387.33,147.25346,121.32000000000698,206.82000000000696,0.5865970409051489,58.659704090514886,206.82000000000696,,,False,False,False,NO SIGNAL
2026-09-25 02:15:00,2026-09-25 02:30:00,2026-09-26 02:57:24,B-BTC_USDT,15m,84387.33,84500.0,84272.0,84371.63,185.75866,15.69999999999709,228.0,0.0688596491227942,6.88596491227942,228.0,,,False,False,False,NO SIGNAL
2026-09-25 02:30:00,2026-09-25 02:45:00,2026-09-26 03:27:52,B-BTC_USDT,15m,84371.62,84404.01,84290.0,84340.0,183.09238,31.619999999995343,114.00999999999476,0.2773440926234259,27.73440926234259,114.00999999999476,,,False,False,False,NO SIGNAL
2026-09-25 02:45:00,2026-09-25 03:00:00,2026-09-26 03:27:52,B-BTC_USDT,15m,84340.01,84460.87,84336.0,84426.84,72.13481,86.83000000000175,124.86999999999534,0.6953631777048529,69.53631777048528,124.86999999999534,,,False,True,False,NO SIGNAL
2026-09-25 03:00:00,2026-09-25 03:15:00,2026-09-26 03:48:19,B-BTC_USDT,15m,84426.84,84501.16,84418.0,84488.92,98.57326,62.08000000000175,83.16000000000349,0.7465127465127361,74.65127465127361,83.16000000000349,,,False,True,False,NO SIGNAL
2026-09-25 03:15:00,2026-09-25 03:30:00,2026-09-26 04:04:33,B-BTC_USDT,15m,84488.92,84492.01,84340.01,84350.0,68.07927,138.91999999999825,152.0,0.9139473684210412,91.39473684210412,152.0,,,False,True,False,NO SIGNAL
2026-09-25 03:30:00,2026-09-25 03:45:00,2026-09-26 04:19:45,B-BTC_USDT,15m,84350.0,84368.01,84247.37,84333.97,96.8836,16.029999999998836,120.63999999999942,0.1328746684350042,13.28746684350042,120.63999999999942,,,False,False,False,NO SIGNAL
2026-09-25 03:45:00,2026-09-25 04:00:00,2026-09-26 04:34:08,B-BTC_USDT,15m,84333.97,84334.02,83948.43,84129.52,250.23785,204.4499999999971,385.5900000000111,0.5302264062864473,53.02264062864474,385.5900000000111,,,False,False,False,NO SIGNAL
2026-09-25 04:00:00,2026-09-25 04:15:00,2026-09-26 04:51:11,B-BTC_USDT,15m,84129.51,84193.62,84068.74,84150.01,110.61315,20.5,124.8799999999901,0.1641575912876491,16.415759128764908,124.8799999999901,,,False,False,False,NO SIGNAL
2026-09-25 04:15:00,2026-09-25 04:30:00,2026-09-26 05:06:34,B-BTC_USDT,15m,84150.01,84277.32,84143.83,84277.32,66.5519,127.31000000001222,133.49000000000524,0.9537043973331876,95.37043973331876,133.49000000000524,,,False,True,False,NO SIGNAL
2026-09-25 04:30:00,2026-09-25 04:45:00,2026-09-26 05:20:22,B-BTC_USDT,15m,84277.32,84373.37,84269.99,84306.72,76.18259,29.39999999999418,103.3799999999901,0.2843876958792512,28.438769587925123,103.3799999999901,,,False,False,False,NO SIGNAL
2026-09-25 04:45:00,2026-09-25 05:00:00,2026-09-26 05:37:00,B-BTC_USDT,15m,84306.72,84443.36,84294.0,84435.26,56.64102,128.5399999999936,149.36000000000058,0.8606052490626211,86.06052490626212,149.36000000000058,,,False,True,False,NO SIGNAL
2026-09-25 05:00:00,2026-09-25 05:15:00,2026-09-26 05:37:00,B-BTC_USDT,15m,84435.26,84473.58,84412.07,84412.08,90.71963,23.17999999999301,61.50999999999476,0.3768492927978376,37.68492927978376,61.50999999999476,,,False,False,False,NO SIGNAL
2026-09-25 05:15:00,2026-09-25 05:30:00,2026-09-26 06:01:55,B-BTC_USDT,15m,84412.08,84445.92,84380.01,84410.24,47.36817,1.8399999999965075,65.91000000000349,0.0279168563191687,2.7916856319168697,65.91000000000349,,,False,False,False,NO SIGNAL
2026-09-25 05:30:00,2026-09-25 05:45:00,2026-09-26 06:20:56,B-BTC_USDT,15m,84410.24,84718.02,84410.24,84657.87,146.65962,247.6299999999901,307.77999999999884,0.8045681980635228,80.45681980635227,307.77999999999884,,,False,True,False,NO SIGNAL
2026-09-25 05:45:00,2026-09-25 06:00:00,2026-09-26 06:35:39,B-BTC_USDT,15m,84657.86,84675.1,84549.55,84673.41,240.07276,15.55000000000291,125.55000000000292,0.1238550378335527,12.38550378335527,125.55000000000292,,,False,False,False,NO SIGNAL
2026-09-25 06:00:00,2026-09-25 06:15:00,2026-09-26 06:53:09,B-BTC_USDT,15m,84673.41,84687.58,84547.92,84598.86,121.07538,74.55000000000291,139.6600000000035,0.5337963625948807,53.37963625948807,139.6600000000035,,,False,False,False,NO SIGNAL
2026-09-25 06:15:00,2026-09-25 06:30:00,2026-09-26 07:10:08,B-BTC_USDT,15m,84598.87,84668.0,84564.96,84590.01,75.23317,8.860000000000582,103.0399999999936,0.0859860248447314,8.59860248447314,103.0399999999936,,,False,False,False,NO SIGNAL
2026-09-25 06:30:00,2026-09-25 06:45:00,2026-09-26 07:24:21,B-BTC_USDT,15m,84590.01,84796.51,84578.07,84700.03,233.79439,110.02000000000407,218.4399999999877,0.503662332906108,50.36623329061079,218.4399999999877,,,False,False,False,NO SIGNAL
2026-09-25 06:45:00,2026-09-25 07:00:00,2026-09-26 07:43:20,B-BTC_USDT,15m,84700.02,84753.01,84510.36,84540.16,140.74776,159.86000000000058,242.6499999999941,0.6588089841335438,65.88089841335439,242.6499999999941,,,False,True,False,NO SIGNAL
2026-09-25 07:00:00,2026-09-25 07:15:00,2026-09-26 07:43:20,B-BTC_USDT,15m,84540.16,84540.16,84366.0,84479.69,107.73977,60.47000000000117,174.1600000000035,0.34720946256316,34.720946256316,174.1600000000035,,,False,False,False,NO SIGNAL
2026-09-25 07:15:00,2026-09-25 07:30:00,2026-09-26 08:01:02,B-BTC_USDT,15m,84479.69,84632.01,84479.69,84610.73,71.48991,131.0399999999936,152.31999999999243,0.8602941176470595,86.02941176470596,152.31999999999243,,,False,True,False,NO SIGNAL
2026-09-25 07:30:00,2026-09-25 07:45:00,2026-09-26 08:29:02,B-BTC_USDT,15m,84610.74,84881.55,84572.0,84841.53,104.87656,230.7899999999936,309.5500000000029,0.7455661444031382,74.55661444031382,309.5500000000029,,,False,True,False,NO SIGNAL
2026-09-25 07:45:00,2026-09-25 08:00:00,2026-09-26 08:29:02,B-BTC_USDT,15m,84841.54,84888.0,84650.0,84692.01,194.93204,149.52999999999884,238.0,0.6282773109243649,62.82773109243649,238.0,,,False,True,False,NO SIGNAL
2026-09-25 08:00:00,2026-09-25 08:15:00,2026-09-26 08:49:17,B-BTC_USDT,15m,84692.0,84727.65,84404.01,84485.06,107.75245,206.9400000000024,323.6399999999994,0.6394141638858074,63.94141638858074,323.6399999999994,,,False,True,False,NO SIGNAL
2026-09-25 08:15:00,2026-09-25 08:30:00,2026-09-26 09:06:39,B-BTC_USDT,15m,84485.06,84485.06,84180.0,84226.16,169.70257,258.8999999999942,305.0599999999977,0.8486855044909072,84.86855044909072,305.0599999999977,,,False,True,False,NO SIGNAL
2026-09-25 08:30:00,2026-09-25 08:45:00,2026-09-26 09:21:32,B-BTC_USDT,15m,84226.17,84328.01,84184.0,84253.93,152.97546,27.75999999999476,144.00999999999476,0.1927643913616816,19.27643913616816,144.00999999999476,,,False,False,False,NO SIGNAL
2026-09-25 08:45:00,2026-09-25 09:00:00,2026-09-26 09:38:11,B-BTC_USDT,15m,84253.94,84326.01,84121.25,84146.01,96.24844,107.93000000000757,204.7599999999948,0.5271049033014765,52.71049033014765,204.7599999999948,,,False,False,False,NO SIGNAL
2026-09-25 09:00:00,2026-09-25 09:15:00,2026-09-26 09:57:00,B-BTC_USDT,15m,84146.01,84385.1,84063.18,84213.2,100.37761,67.19000000000233,321.9200000000128,0.2087164512922454,20.87164512922454,321.9200000000128,,,False,False,False,NO SIGNAL
2026-09-25 09:15:00,2026-09-25 09:30:00,2026-09-26 10:14:29,B-BTC_USDT,15m,84213.19,84235.89,84138.47,84231.19,71.50601,18.0,97.41999999999824,0.184766988298094,18.476698829809397,97.41999999999824,,,False,False,False,NO SIGNAL
2026-09-25 09:30:00,2026-09-25 09:45:00,2026-09-26 10:27:14,B-BTC_USDT,15m,84231.19,84231.2,84072.0,84072.01,91.7689,159.18000000000757,159.1999999999971,0.9998743718593625,99.98743718593624,159.1999999999971,,,False,True,False,NO SIGNAL
2026-09-25 09:45:00,2026-09-25 10:00:00,2026-09-26 10:27:14,B-BTC_USDT,15m,84072.0,84170.0,84061.22,84119.99,138.44963,47.99000000000524,108.77999999999884,0.4411656554514226,44.11656554514226,108.77999999999884,,,False,False,False,NO SIGNAL
2026-09-25 10:00:00,2026-09-25 10:15:00,2026-09-26 10:47:11,B-BTC_USDT,15m,84120.0,84298.01,84119.99,84278.0,138.47605,158.0,178.01999999998952,0.8875407257612027,88.75407257612027,178.01999999998952,,,False,True,False,NO SIGNAL
2026-09-25 10:15:00,2026-09-25 10:30:00,2026-09-26 11:03:13,B-BTC_USDT,15m,84278.0,84286.01,84165.8,84208.01,125.55008,69.99000000000524,120.20999999999184,0.5822310955828133,58.22310955828133,120.20999999999184,,,False,False,False,NO SIGNAL
2026-09-25 10:30:00,2026-09-25 10:45:00,2026-09-26 11:17:43,B-BTC_USDT,15m,84208.0,84254.01,84168.45,84168.45,51.32258,39.55000000000291,85.55999999999767,0.4622487143525478,46.22487143525478,85.55999999999767,,,False,False,False,NO SIGNAL
2026-09-25 10:45:00,2026-09-25 11:00:00,2026-09-26 11:30:20,B-BTC_USDT,15m,84168.45,84270.09,84096.94,84190.02,79.39511,21.570000000006985,173.14999999999418,0.1245740687265822,12.45740687265822,173.14999999999418,,,False,False,False,NO SIGNAL
2026-09-25 11:00:00,2026-09-25 11:15:00,2026-09-26 11:55:08,B-BTC_USDT,15m,84190.02,84347.86,84122.41,84256.23,122.71199,66.20999999999185,225.4499999999971,0.2936793080505331,29.367930805053312,225.4499999999971,,,False,False,False,NO SIGNAL
2026-09-25 11:15:00,2026-09-25 11:30:00,2026-09-26 11:55:08,B-BTC_USDT,15m,84256.22,84290.01,84194.0,84194.01,50.52021,62.2100000000064,96.00999999999476,0.6479533381940402,64.79533381940402,96.00999999999476,,,False,True,False,NO SIGNAL
2026-09-25 11:30:00,2026-09-25 11:45:00,2026-09-26 12:29:59,B-BTC_USDT,15m,84194.0,84233.78,83962.0,84120.0,141.20447,74.0,271.77999999999884,0.2722790492309968,27.22790492309968,271.77999999999884,,,False,False,False,NO SIGNAL
2026-09-25 11:45:00,2026-09-25 12:00:00,2026-09-26 12:29:59,B-BTC_USDT,15m,84120.0,84284.01,84063.18,84102.99,87.78385,17.00999999999476,220.8300000000017,0.0770275777747345,7.70275777747345,220.8300000000017,,,False,False,False,NO SIGNAL
2026-09-25 12:00:00,2026-09-25 12:15:00,2026-09-26 12:49:21,B-BTC_USDT,15m,84102.98,84102.99,83938.0,84031.56,91.90766,71.41999999999825,164.99000000000524,0.4328747196799563,43.28747196799563,164.99000000000524,,,False,False,False,NO SIGNAL
2026-09-25 12:15:00,2026-09-25 12:30:00,2026-09-26 13:04:45,B-BTC_USDT,15m,84031.55,84070.01,84010.0,84036.0,81.87685,4.44999999999709,60.00999999999476,0.0741543076153554,7.415430761535539,60.00999999999476,,,False,False,False,NO SIGNAL
2026-09-25 12:30:00,2026-09-25 12:45:00,2026-09-26 13:18:48,B-BTC_USDT,15m,84036.01,84058.01,83750.5,83820.79,163.79386,215.2200000000012,307.5099999999948,0.6998796787096512,69.98796787096512,307.5099999999948,,,False,True,False,NO SIGNAL
2026-09-25 12:45:00,2026-09-25 13:00:00,2026-09-26 13:33:02,B-BTC_USDT,15m,83820.79,84046.01,83819.42,84046.0,104.07058,225.2100000000064,226.5899999999965,0.9939097047531218,99.39097047531217,226.5899999999965,,,False,True,False,NO SIGNAL
2026-09-25 13:00:00,2026-09-25 13:15:00,2026-09-26 13:53:23,B-BTC_USDT,15m,84046.0,84096.01,83818.75,83915.18,380.11224,130.82000000000698,277.2599999999948,0.4718314939046723,47.183149390467236,277.2599999999948,,,False,False,False,NO SIGNAL
2026-09-25 13:15:00,2026-09-25 13:30:00,2026-09-26 14:11:01,B-BTC_USDT,15m,83915.18,84088.87,83887.16,84043.96,694.47283,128.7800000000134,201.70999999999185,0.6384413266571741,63.84413266571741,201.70999999999185,,,False,True,False,NO SIGNAL
2026-09-25 13:30:00,2026-09-25 13:45:00,2026-09-26 14:25:10,B-BTC_USDT,15m,84043.96,84191.58,84028.98,84121.75,317.72874,77.7899999999936,162.60000000000582,0.4784132841327848,47.841328413278475,162.60000000000582,,,False,False,False,NO SIGNAL
2026-09-25 13:45:00,2026-09-25 14:00:00,2026-09-26 14:44:46,B-BTC_USDT,15m,84121.75,84512.0,84121.74,84432.0,181.19669,310.25,390.2599999999948,0.7949828319581924,79.49828319581924,390.2599999999948,,,False,True,False,NO SIGNAL
2026-09-25 14:00:00,2026-09-25 14:15:00,2026-09-26 14:44:46,B-BTC_USDT,15m,84432.0,84446.46,84322.49,84322.49,91.38225,109.50999999999476,123.97000000000116,0.8833588771476465,88.33588771476465,123.97000000000116,,,False,True,False,NO SIGNAL
2026-09-25 14:15:00,2026-09-25 14:30:00,2026-09-26 15:01:37,B-BTC_USDT,15m,84322.49,84473.57,84294.49,84417.06,96.54424,94.56999999999243,179.08000000000175,0.5280880053606852,52.808800536068524,179.08000000000175,,,False,False,False,NO SIGNAL
2026-09-25 14:30:00,2026-09-25 14:45:00,2026-09-26 15:29:02,B-BTC_USDT,15m,84417.05,84721.0,84417.05,84596.82,223.10484,179.77000000000407,303.9499999999971,0.5914459615068458,59.14459615068458,303.9499999999971,,,False,False,False,NO SIGNAL
2026-09-25 14:45:00,2026-09-25 15:00:00,2026-09-26 15:29:02,B-BTC_USDT,15m,84596.81,84832.84,84545.67,84814.01,227.47825,217.1999999999971,287.16999999999825,0.7563464150154905,75.63464150154905,287.16999999999825,,,False,True,False,NO SIGNAL
2026-09-25 15:00:00,2026-09-25 15:15:00,2026-09-26 15:48:42,B-BTC_USDT,15m,84814.01,84870.0,84592.59,84630.7,157.91855,183.30999999999767,277.4100000000035,0.6607908871345495,66.07908871345495,277.4100000000035,,,False,True,False,NO SIGNAL
2026-09-25 15:15:00,2026-09-25 15:30:00,2026-09-26 16:04:40,B-BTC_USDT,15m,84630.7,84643.67,84570.01,84570.01,90.07331,60.69000000000233,73.66000000000349,0.8239207168069435,82.39207168069434,73.66000000000349,,,False,True,False,NO SIGNAL
2026-09-25 15:30:00,2026-09-25 15:45:00,2026-09-26 16:18:39,B-BTC_USDT,15m,84570.02,84570.02,84394.0,84496.01,103.06392,74.01000000000931,176.02000000000407,0.4204635836837155,42.04635836837155,176.02000000000407,,,False,False,False,NO SIGNAL
2026-09-25 15:45:00,2026-09-25 16:00:00,2026-09-26 16:32:25,B-BTC_USDT,15m,84496.01,84746.01,84451.55,84728.56,109.04317,232.5500000000029,294.45999999999185,0.789750730150137,78.97507301501369,294.45999999999185,,,False,True,False,NO SIGNAL
2026-09-25 16:00:00,2026-09-25 16:15:00,2026-09-26 16:50:21,B-BTC_USDT,15m,84728.57,84819.31,84662.25,84784.0,162.06028,55.429999999993015,157.05999999999767,0.3529224500190617,35.29224500190617,157.05999999999767,,,False,False,False,NO SIGNAL
2026-09-25 16:15:00,2026-09-25 16:30:00,2026-09-26 17:06:02,B-BTC_USDT,15m,84784.0,84870.0,84713.66,84713.66,166.68573,70.33999999999651,156.3399999999965,0.4499168478955998,44.99168478955998,156.3399999999965,,,False,False,False,NO SIGNAL
2026-09-25 16:30:00,2026-09-25 16:45:00,2026-09-26 17:19:39,B-BTC_USDT,15m,84713.67,85222.0,84707.5,85221.94,1019.46434,508.2700000000041,514.5,0.987891156462593,98.78911564625929,514.5,,,False,True,False,NO SIGNAL
2026-09-25 16:45:00,2026-09-25 17:00:00,2026-09-26 17:34:49,B-BTC_USDT,15m,85221.94,85255.0,84841.04,84926.99,431.00815,294.9499999999971,413.9600000000064,0.712508454923163,71.2508454923163,413.9600000000064,,,False,True,False,NO SIGNAL
2026-09-25 17:00:00,2026-09-25 17:15:00,2026-09-26 17:57:02,B-BTC_USDT,15m,84927.0,84973.66,84705.88,84716.69,191.08022,210.30999999999767,267.77999999999884,0.7853835237881791,78.5383523788179,267.77999999999884,,,False,True,False,NO SIGNAL
2026-09-25 17:15:00,2026-09-25 17:30:00,2026-09-26 17:57:02,B-BTC_USDT,15m,84716.69,84744.74,84567.02,84582.64,158.39566,134.0500000000029,177.72000000000116,0.7542763898267051,75.42763898267052,177.72000000000116,,,False,True,False,NO SIGNAL
2026-09-25 17:30:00,2026-09-25 17:45:00,2026-09-26 18:17:19,B-BTC_USDT,15m,84582.64,84704.0,84223.56,84368.41,357.19358,214.22999999999595,480.4400000000023,0.4459037548913389,44.59037548913389,480.4400000000023,,,False,False,False,NO SIGNAL
2026-09-25 17:45:00,2026-09-25 18:00:00,2026-09-26 18:30:03,B-BTC_USDT,15m,84368.42,84405.91,83900.0,84405.9,440.81177,37.479999999995925,505.9100000000035,0.0740843232986018,7.40843232986018,505.9100000000035,,,False,False,False,NO SIGNAL
2026-09-25 18:00:00,2026-09-25 18:15:00,2026-09-26 18:49:11,B-BTC_USDT,15m,84405.91,84542.01,84340.0,84435.99,237.0012,30.080000000001743,202.0099999999948,0.1489035196277537,14.89035196277537,202.0099999999948,,,False,False,False,NO SIGNAL
2026-09-25 18:15:00,2026-09-25 18:30:00,2026-09-26 19:04:27,B-BTC_USDT,15m,84435.99,84574.01,84340.01,84471.8,258.75892,35.80999999999767,234.0,0.1530341880341781,15.30341880341781,234.0,,,False,False,False,NO SIGNAL
2026-09-25 18:30:00,2026-09-25 18:45:00,2026-09-26 19:17:43,B-BTC_USDT,15m,84471.79,84574.01,84340.0,84460.0,258.30405,11.789999999993595,234.0099999999948,0.0503824622879101,5.03824622879101,234.0099999999948,,,False,False,False,NO SIGNAL
2026-09-25 18:45:00,2026-09-25 19:00:00,2026-09-26 19:30:47,B-BTC_USDT,15m,84460.01,84600.01,84104.22,84104.22,383.50107,355.7899999999936,495.7899999999936,0.7176223804433293,71.76223804433293,495.7899999999936,,,False,True,False,NO SIGNAL
2026-09-25 19:00:00,2026-09-25 19:15:00,2026-09-26 19:50:24,B-BTC_USDT,15m,84104.22,84342.01,83800.0,84010.0,527.75498,94.22000000000116,542.0099999999948,0.173834431099061,17.3834431099061,542.0099999999948,,,False,False,False,NO SIGNAL
2026-09-25 19:15:00,2026-09-25 19:30:00,2026-09-26 20:06:45,B-BTC_USDT,15m,84010.01,84112.01,83530.06,83923.71,478.11111,86.29999999998836,581.9499999999971,0.1482945270212025,14.82945270212025,581.9499999999971,,,False,False,False,NO SIGNAL
2026-09-25 19:30:00,2026-09-25 19:45:00,2026-09-26 20:21:26,B-BTC_USDT,15m,83923.71,84017.47,83183.0,83580.01,936.97534,343.70000000001164,834.4700000000012,0.4118781981377535,41.18781981377535,834.4700000000012,,,False,False,False,NO SIGNAL
2026-09-25 19:45:00,2026-09-25 20:00:00,2026-09-26 20:37:08,B-BTC_USDT,15m,83580.01,83800.0,83462.0,83649.76,304.44143,69.75,338.0,0.2063609467455621,20.63609467455621,338.0,,,False,False,False,NO SIGNAL
2026-09-25 20:00:00,2026-09-25 20:15:00,2026-09-26 20:55:26,B-BTC_USDT,15m,83650.01,83928.01,83650.0,83684.46,355.74737,34.45000000001164,278.0099999999948,0.1239164058847246,12.39164058847246,278.0099999999948,,,False,False,False,NO SIGNAL
2026-09-25 20:15:00,2026-09-25 20:30:00,2026-09-26 21:13:14,B-BTC_USDT,15m,83684.46,84030.01,83564.0,84016.01,450.49328,331.5499999999884,466.0099999999948,0.7114654191969959,71.14654191969959,466.0099999999948,,,False,True,False,NO SIGNAL
2026-09-25 20:30:00,2026-09-25 20:45:00,2026-09-26 21:26:11,B-BTC_USDT,15m,84016.01,84092.01,83754.0,84001.9,276.79925,14.110000000000582,338.0099999999948,0.0417443270909168,4.17443270909168,338.0099999999948,,,False,False,False,NO SIGNAL
2026-09-25 20:45:00,2026-09-25 21:00:00,2026-09-26 21:26:11,B-BTC_USDT,15m,84001.9,84004.83,83730.81,83766.46,316.405,235.4399999999877,274.0200000000041,0.8592073571271596,85.92073571271595,274.0200000000041,,,False,True,False,NO SIGNAL
2026-09-25 21:00:00,2026-09-25 21:15:00,2026-09-26 21:47:28,B-BTC_USDT,15m,83766.45,83892.01,83455.0,83474.35,360.11474,292.09999999999127,437.0099999999948,0.6684057573053128,66.84057573053128,437.0099999999948,,,False,True,False,NO SIGNAL
2026-09-25 21:15:00,2026-09-25 21:30:00,2026-09-26 22:04:35,B-BTC_USDT,15m,83474.35,83796.01,83363.63,83796.01,224.72457,321.65999999998894,432.3799999999901,0.7439289513853469,74.39289513853468,432.3799999999901,,,False,True,False,NO SIGNAL
2026-09-25 21:30:00,2026-09-25 21:45:00,2026-09-26 22:19:30,B-BTC_USDT,15m,83796.01,84077.64,83796.01,84010.48,369.73458,214.4700000000012,281.63000000000466,0.761531086887042,76.1531086887042,281.63000000000466,,,False,True,False,NO SIGNAL
2026-09-25 21:45:00,2026-09-25 22:00:00,2026-09-26 22:33:24,B-BTC_USDT,15m,84010.48,84115.87,83926.57,83972.01,141.85728,38.47000000000117,189.2999999999884,0.2032223983095802,20.32223983095802,189.2999999999884,,,False,False,False,NO SIGNAL
2026-09-25 22:00:00,2026-09-25 22:15:00,2026-09-26 22:50:40,B-BTC_USDT,15m,83972.01,84037.92,83819.86,83906.01,171.77952,66.0,218.05999999999767,0.3026689901861905,30.266899018619046,218.05999999999767,,,False,False,False,NO SIGNAL
2026-09-25 22:15:00,2026-09-25 22:30:00,2026-09-26 23:06:51,B-BTC_USDT,15m,83906.01,83906.01,83720.0,83742.22,103.78844,163.7899999999936,186.0099999999948,0.8805440567711317,88.05440567711317,186.0099999999948,,,False,True,False,NO SIGNAL
2026-09-25 22:30:00,2026-09-25 22:45:00,2026-09-26 23:21:12,B-BTC_USDT,15m,83742.23,83962.01,83742.23,83959.93,159.18417,217.6999999999971,219.77999999999884,0.9905359905359824,99.05359905359823,219.77999999999884,,,False,True,False,NO SIGNAL
2026-09-25 22:45:00,2026-09-25 23:00:00,2026-09-26 23:38:39,B-BTC_USDT,15m,83959.92,83995.84,83694.83,83694.84,178.37257,265.08000000000175,301.0099999999948,0.8806351948440463,88.06351948440462,301.0099999999948,,,False,True,False,NO SIGNAL
2026-09-25 23:00:00,2026-09-25 23:15:00,2026-09-26 23:38:39,B-BTC_USDT,15m,83694.84,83840.53,83628.0,83803.7,155.16174,108.86000000000058,212.52999999999884,0.5122100409354029,51.22100409354029,212.52999999999884,,,False,False,False,NO SIGNAL
2026-09-25 23:15:00,2026-09-25 23:30:00,2026-09-27 00:00:04,B-BTC_USDT,15m,83803.7,83810.01,83704.04,83785.11,103.31068,18.589999999996508,105.97000000000116,0.1754270076436378,17.54270076436378,105.97000000000116,,,False,False,False,NO SIGNAL
2026-09-25 23:30:00,2026-09-25 23:45:00,2026-09-27 00:17:50,B-BTC_USDT,15m,83785.11,84019.97,83785.11,83998.76,88.44751,213.6499999999941,234.86000000000053,0.9096908796729696,90.96908796729696,234.86000000000053,,,False,True,False,NO SIGNAL
2026-09-25 23:45:00,2026-09-26 00:00:00,2026-09-27 00:30:29,B-BTC_USDT,15m,83998.76,84081.41,83902.69,83958.0,117.07936,40.75999999999476,178.72000000000116,0.2280662488809002,22.80662488809002,178.72000000000116,,,False,False,False,NO SIGNAL
2026-09-26 00:00:00,2026-09-26 00:15:00,2026-09-27 00:48:32,B-BTC_USDT,15m,83958.01,84020.01,83916.08,83980.54,83.61397,22.52999999999884,103.92999999999302,0.2167805253536067,21.67805253536067,103.92999999999302,,,False,False,False,NO SIGNAL
2026-09-26 00:15:00,2026-09-26 00:30:00,2026-09-27 01:02:26,B-BTC_USDT,15m,83980.54,84003.47,83938.6,83968.0,52.76313,12.539999999993595,64.86999999999534,0.1933096963156235,19.33096963156235,64.86999999999534,,,False,False,False,NO SIGNAL
2026-09-26 00:30:00,2026-09-26 00:45:00,2026-09-27 01:27:44,B-BTC_USDT,15m,83968.01,84050.01,83934.0,84049.97,94.40308,81.9600000000064,116.00999999999476,0.7064908197570046,70.64908197570045,116.00999999999476,,,False,True,False,NO SIGNAL
2026-09-26 00:45:00,2026-09-26 01:00:00,2026-09-27 01:27:44,B-BTC_USDT,15m,84049.97,84050.0,83954.0,84007.3,70.69403,42.669999999998254,96.0,0.4444791666666485,44.44791666666485,96.0,,,False,False,False,NO SIGNAL
2026-09-26 01:00:00,2026-09-26 01:15:00,2026-09-27 01:47:22,B-BTC_USDT,15m,84007.29,84072.01,83956.52,83986.47,77.66329,20.81999999999244,115.48999999999069,0.1802753485149719,18.02753485149719,115.48999999999069,,,False,False,False,NO SIGNAL
2026-09-26 01:15:00,2026-09-26 01:30:00,2026-09-27 02:03:31,B-BTC_USDT,15m,83986.47,84078.23,83986.46,84020.01,86.20619,33.5399999999936,91.76999999998952,0.3654789146779713,36.54789146779713,91.76999999998952,,,False,False,False,NO SIGNAL
2026-09-26 01:30:00,2026-09-26 01:45:00,2026-09-27 02:18:00,B-BTC_USDT,15m,84020.01,84043.9,83946.0,83974.49,64.29699,45.51999999998952,97.89999999999418,0.4649642492338328,46.49642492338328,97.89999999999418,,,False,False,False,NO SIGNAL
2026-09-26 01:45:00,2026-09-26 02:00:00,2026-09-27 02:30:29,B-BTC_USDT,15m,83974.49,84101.12,83974.49,84064.92,84.05398,90.42999999999302,126.6299999999901,0.7141277738292671,71.4127773829267,126.6299999999901,,,False,True,False,NO SIGNAL
2026-09-26 02:00:00,2026-09-26 02:15:00,2026-09-27 02:50:06,B-BTC_USDT,15m,84064.91,84193.39,84051.75,84122.01,81.0979,57.09999999999127,141.63999999999942,0.4031347077096265,40.31347077096265,141.63999999999942,,,False,False,False,NO SIGNAL
2026-09-26 02:15:00,2026-09-26 02:30:00,2026-09-27 03:05:47,B-BTC_USDT,15m,84122.01,84122.01,83817.89,83886.0,79.48985,236.0099999999948,304.11999999999534,0.7760423517032696,77.60423517032696,304.11999999999534,,,False,True,False,NO SIGNAL
2026-09-26 02:30:00,2026-09-26 02:45:00,2026-09-27 03:19:10,B-BTC_USDT,15m,83886.01,83921.36,83657.14,83696.49,128.25808,189.51999999998952,264.2200000000012,0.7172810536673556,71.72810536673556,264.2200000000012,,,False,True,False,NO SIGNAL
2026-09-26 02:45:00,2026-09-26 03:00:00,2026-09-27 03:33:07,B-BTC_USDT,15m,83696.49,83773.69,83632.03,83773.68,70.12568,77.18999999998778,141.6600000000035,0.5448962304107431,54.48962304107431,141.6600000000035,,,False,False,False,NO SIGNAL
2026-09-26 03:00:00,2026-09-26 03:15:00,2026-09-27 03:51:22,B-BTC_USDT,15m,83773.69,83840.87,83725.36,83814.6,53.31556,40.91000000000349,115.50999999999476,0.3541684702623612,35.41684702623612,115.50999999999476,,,False,False,False,NO SIGNAL
2026-09-26 03:15:00,2026-09-26 03:30:00,2026-09-27 04:07:41,B-BTC_USDT,15m,83814.6,83886.0,83789.92,83792.0,114.14785,22.60000000000582,96.08000000000176,0.2352206494588406,23.52206494588406,96.08000000000176,,,False,False,False,NO SIGNAL
2026-09-26 03:30:00,2026-09-26 03:45:00,2026-09-27 04:22:29,B-BTC_USDT,15m,83792.0,83933.94,83765.26,83933.94,39.02375,141.94000000000233,168.68000000000757,0.8414749822148208,84.14749822148208,168.68000000000757,,,False,True,False,NO SIGNAL
2026-09-26 03:45:00,2026-09-26 04:00:00,2026-09-27 04:39:05,B-BTC_USDT,15m,83933.94,83973.99,83900.57,83906.0,112.04353,27.94000000000233,73.41999999999825,0.3805502587851129,38.05502587851129,73.41999999999825,,,False,False,False,NO SIGNAL
2026-09-26 04:00:00,2026-09-26 04:15:00,2026-09-27 04:55:58,B-BTC_USDT,15m,83906.0,84098.5,83906.0,84079.69,63.49864,173.69000000000233,192.5,0.9022857142857263,90.22857142857264,192.5,,,False,True,False,NO SIGNAL
2026-09-26 04:15:00,2026-09-26 04:30:00,2026-09-27 05:11:32,B-BTC_USDT,15m,84079.69,84123.35,84041.73,84083.05,153.35355,3.360000000000582,81.6200000000099,0.0411663807890244,4.116638078902439,81.6200000000099,,,False,False,False,NO SIGNAL
2026-09-26 04:30:00,2026-09-26 04:45:00,2026-09-27 05:24:25,B-BTC_USDT,15m,84083.05,84100.0,84059.86,84059.94,92.94094,23.110000000000586,40.13999999999942,0.5757349277528878,57.573492775288784,40.13999999999942,,,False,False,False,NO SIGNAL
2026-09-26 04:45:00,2026-09-26 05:00:00,2026-09-27 05:24:25,B-BTC_USDT,15m,84059.93,84097.05,84020.0,84097.04,106.21424,37.11000000000058,77.05000000000291,0.4816353017520984,48.16353017520984,77.05000000000291,,,False,False,False,NO SIGNAL
2026-09-26 05:00:00,2026-09-26 05:15:00,2026-09-27 05:50:30,B-BTC_USDT,15m,84097.05,84106.0,84075.65,84080.0,63.39469,17.05000000000291,30.35000000000582,0.5617792421746175,56.17792421746175,30.35000000000582,,,False,False,False,NO SIGNAL
2026-09-26 05:15:00,2026-09-26 05:30:00,2026-09-27 06:13:36,B-BTC_USDT,15m,84080.0,84100.0,84038.11,84099.99,124.98363,19.99000000000524,61.88999999999942,0.3229924058814902,32.29924058814902,61.88999999999942,,,False,False,False,NO SIGNAL
2026-09-26 05:30:00,2026-09-26 05:45:00,2026-09-27 06:29:38,B-BTC_USDT,15m,84100.0,84145.26,84060.0,84074.05,112.62736,25.94999999999709,85.25999999999476,0.3043631245601534,30.43631245601534,85.25999999999476,,,False,False,False,NO SIGNAL
2026-09-26 05:45:00,2026-09-26 06:00:00,2026-09-27 06:29:38,B-BTC_USDT,15m,84074.04,84078.71,83922.74,83950.41,92.53118,123.6299999999901,155.97000000000116,0.7926524331601538,79.26524331601537,155.97000000000116,,,False,True,False,NO SIGNAL
2026-09-26 06:00:00,2026-09-26 06:15:00,2026-09-27 06:49:14,B-BTC_USDT,15m,83950.41,83950.41,83798.0,83881.4,133.56122,69.01000000000931,152.4100000000035,0.4527918115609719,45.279181156097195,152.4100000000035,,,False,False,False,NO SIGNAL
2026-09-26 06:15:00,2026-09-26 06:30:00,2026-09-27 07:05:54,B-BTC_USDT,15m,83881.41,83950.0,83881.4,83910.01,46.09651,28.59999999999127,68.60000000000582,0.4169096209910909,41.69096209910909,68.60000000000582,,,False,False,False,NO SIGNAL
2026-09-26 06:30:00,2026-09-26 06:45:00,2026-09-27 07:20:53,B-BTC_USDT,15m,83910.01,83981.11,83906.72,83933.73,226.51967,23.720000000001164,74.38999999999942,0.3188600618362864,31.88600618362864,74.38999999999942,,,False,False,False,NO SIGNAL
2026-09-26 06:45:00,2026-09-26 07:00:00,2026-09-27 07:36:43,B-BTC_USDT,15m,83933.72,84000.0,83927.86,83944.79,62.74258,11.069999999992431,72.13999999999942,0.1534516218463061,15.34516218463061,72.13999999999942,,,False,False,False,NO SIGNAL
2026-09-26 07:00:00,2026-09-26 07:15:00,2026-09-27 07:56:17,B-BTC_USDT,15m,83944.79,84078.9,83936.38,84041.37,51.99477,96.58000000000176,142.51999999998952,0.677659275891165,67.7659275891165,142.51999999998952,,,False,True,False,NO SIGNAL
2026-09-26 07:15:00,2026-09-26 07:30:00,2026-09-27 08:14:41,B-BTC_USDT,15m,84041.37,84086.01,84036.0,84076.66,39.12939,35.29000000000815,50.00999999999476,0.7056588682265916,70.56588682265917,50.00999999999476,,,False,True,False,NO SIGNAL
2026-09-26 07:30:00,2026-09-26 07:45:00,2026-09-27 08:28:46,B-BTC_USDT,15m,84076.67,84138.6,83996.0,84136.01,48.25136,59.33999999999651,142.60000000000582,0.416129032258023,41.6129032258023,142.60000000000582,,,False,False,False,NO SIGNAL
2026-09-26 07:45:00,2026-09-26 08:00:00,2026-09-27 08:28:46,B-BTC_USDT,15m,84136.02,84137.41,84029.77,84029.77,77.17599,106.25,107.63999999999942,0.9870865849126772,98.70865849126773,107.63999999999942,,,False,True,False,NO SIGNAL
2026-09-26 08:00:00,2026-09-26 08:15:00,2026-09-27 08:49:58,B-BTC_USDT,15m,84029.78,84044.0,84000.0,84010.0,143.94276,19.77999999999884,44.0,0.4495454545454281,44.95454545454281,44.0,,,False,False,False,NO SIGNAL
2026-09-26 08:15:00,2026-09-26 08:30:00,2026-09-27 09:08:22,B-BTC_USDT,15m,84009.99,84059.99,84009.99,84010.0,83.88061,0.0099999999947613,50.0,0.0001999999998952,0.019999999989519998,50.0,,,False,False,False,NO SIGNAL
2026-09-26 08:30:00,2026-09-26 08:45:00,2026-09-27 09:23:55,B-BTC_USDT,15m,84010.0,84010.0,83918.0,83944.01,42.66596,65.99000000000524,92.0,0.7172826086957091,71.72826086957092,92.0,,,False,True,False,NO SIGNAL
2026-09-26 08:45:00,2026-09-26 09:00:00,2026-09-27 09:42:40,B-BTC_USDT,15m,83944.01,84027.1,83909.98,84027.09,75.09633,83.08000000000175,117.1200000000099,0.7093579234972227,70.93579234972228,117.1200000000099,,,False,True,False,NO SIGNAL
2026-09-26 09:00:00,2026-09-26 09:15:00,2026-09-27 09:42:40,B-BTC_USDT,15m,84027.09,84049.83,83951.27,83951.28,74.54979,75.80999999999767,98.55999999999769,0.7691761363636309,76.91761363636309,98.55999999999769,,,False,True,False,NO SIGNAL
2026-09-26 09:15:00,2026-09-26 09:30:00,2026-09-27 10:01:55,B-BTC_USDT,15m,83951.28,83962.89,83939.0,83939.0,43.07743,12.279999999998836,23.88999999999941,0.5140226035997963,51.402260359979635,23.88999999999941,,,False,False,False,NO SIGNAL
2026-09-26 09:30:00,2026-09-26 09:45:00,2026-09-27 10:18:06,B-BTC_USDT,15m,83939.01,84013.48,83939.0,83985.68,66.21851,46.669999999998254,74.47999999999593,0.626611170784114,62.6611170784114,74.47999999999593,,,False,True,False,NO SIGNAL
2026-09-26 09:45:00,2026-09-26 10:00:00,2026-09-27 10:30:54,B-BTC_USDT,15m,83985.68,84045.65,83893.67,83894.43,94.85718,91.25,151.97999999999593,0.6004079484142811,60.04079484142812,151.97999999999593,,,False,True,False,NO SIGNAL
2026-09-26 10:00:00,2026-09-26 10:15:00,2026-09-27 10:50:02,B-BTC_USDT,15m,83894.44,83983.25,83848.91,83983.24,102.54411,88.80000000000291,134.3399999999965,0.661009379187176,66.10093791871759,134.3399999999965,,,False,True,False,NO SIGNAL
2026-09-26 10:15:00,2026-09-26 10:30:00,2026-09-27 11:06:29,B-BTC_USDT,15m,83983.24,83998.0,83972.0,83976.0,102.9721,7.240000000005239,26.0,0.2784615384617399,27.846153846173987,26.0,,,False,False,False,NO SIGNAL
2026-09-26 10:30:00,2026-09-26 10:45:00,2026-09-27 11:21:28,B-BTC_USDT,15m,83976.01,84012.93,83940.9,83967.97,52.75459,8.039999999993597,72.02999999999884,0.1116201582673015,11.16201582673015,72.02999999999884,,,False,False,False,NO SIGNAL
2026-09-26 10:45:00,2026-09-26 11:00:00,2026-09-27 11:40:15,B-BTC_USDT,15m,83967.96,83994.15,83899.32,83931.5,44.52595,36.4600000000064,94.8299999999872,0.3844774860277478,38.44774860277478,94.8299999999872,,,False,False,False,NO SIGNAL
2026-09-26 11:00:00,2026-09-26 11:15:00,2026-09-27 11:40:15,B-BTC_USDT,15m,83931.5,83960.01,83891.27,83960.01,45.5254,28.50999999999476,68.73999999999069,0.4147512365434772,41.47512365434772,68.73999999999069,,,False,False,False,NO SIGNAL
2026-09-26 11:15:00,2026-09-26 11:30:00,2026-09-27 12:04:20,B-BTC_USDT,15m,83960.0,83986.87,83900.58,83919.69,53.73416,40.30999999999767,86.2899999999936,0.4671456715726116,46.71456715726116,86.2899999999936,,,False,False,False,NO SIGNAL
2026-09-26 11:30:00,2026-09-26 11:45:00,2026-09-27 12:23:02,B-BTC_USDT,15m,83919.69,83939.89,83893.18,83893.18,74.01831,26.51000000000932,46.7100000000064,0.5675444230358742,56.75444230358742,46.7100000000064,,,False,False,False,NO SIGNAL
2026-09-26 11:45:00,2026-09-26 12:00:00,2026-09-27 12:41:02,B-BTC_USDT,15m,83893.19,83936.0,83876.58,83936.0,76.20613,42.80999999999767,59.419999999998254,0.7204644900706653,72.04644900706653,59.419999999998254,,,False,True,False,NO SIGNAL
2026-09-26 12:00:00,2026-09-26 12:15:00,2026-09-27 12:59:40,B-BTC_USDT,15m,83935.99,83968.01,83904.7,83913.0,52.43929,22.99000000000524,63.30999999999767,0.3631337861318288,36.31337861318288,63.30999999999767,,,False,False,False,NO SIGNAL
2026-09-26 12:15:00,2026-09-26 12:30:00,2026-09-27 12:59:40,B-BTC_USDT,15m,83913.0,83930.0,83886.03,83891.22,89.45198,21.77999999999884,43.97000000000117,0.4953377302705994,49.533773027059944,43.97000000000117,,,False,False,False,NO SIGNAL
2026-09-26 12:30:00,2026-09-26 12:45:00,2026-09-27 13:28:48,B-BTC_USDT,15m,83891.23,84021.25,83891.23,84010.32,73.08748,119.09000000001106,130.02000000000407,0.9159360098446956,91.59360098446956,130.02000000000407,,,False,True,False,NO SIGNAL
2026-09-26 12:45:00,2026-09-26 13:00:00,2026-09-27 13:28:48,B-BTC_USDT,15m,84010.32,84030.01,83995.76,84014.03,71.76982,3.709999999991851,34.25,0.1083211678829737,10.83211678829737,34.25,,,False,False,False,NO SIGNAL
2026-09-26 13:00:00,2026-09-26 13:15:00,2026-09-27 13:49:40,B-BTC_USDT,15m,84014.04,84069.91,84014.03,84038.01,43.54152,23.970000000001164,55.88000000000466,0.4289549033643373,42.89549033643373,55.88000000000466,,,False,False,False,NO SIGNAL
2026-09-26 13:15:00,2026-09-26 13:30:00,2026-09-27 14:07:23,B-BTC_USDT,15m,84038.01,84134.01,84038.0,84116.8,91.95723,78.79000000000815,96.00999999999476,0.8206436829498224,82.06436829498223,96.00999999999476,,,False,True,False,NO SIGNAL
2026-09-26 13:30:00,2026-09-26 13:45:00,2026-09-27 14:22:45,B-BTC_USDT,15m,84116.79,84119.37,84053.71,84080.08,87.22426,36.70999999999185,65.65999999998894,0.5590922936338415,55.90922936338415,65.65999999998894,,,False,False,False,NO SIGNAL
2026-09-26 13:45:00,2026-09-26 14:00:00,2026-09-27 14:40:06,B-BTC_USDT,15m,84080.08,84100.77,84032.06,84100.77,70.539,20.69000000000233,68.7100000000064,0.3011206520157241,30.112065201572406,68.7100000000064,,,False,False,False,NO SIGNAL
2026-09-26 14:00:00,2026-09-26 14:15:00,2026-09-27 14:58:11,B-BTC_USDT,15m,84100.77,84336.96,84100.76,84293.1,156.38648,192.3300000000017,236.20000000001164,0.8142675698560214,81.42675698560214,236.20000000001164,,,False,True,False,NO SIGNAL
2026-09-26 14:15:00,2026-09-26 14:30:00,2026-09-27 15:14:54,B-BTC_USDT,15m,84293.1,84293.11,84208.06,84220.01,63.03016,73.09000000001106,85.05000000000291,0.8593768371547156,85.93768371547156,85.05000000000291,,,False,True,False,NO SIGNAL
2026-09-26 14:30:00,2026-09-26 14:45:00,2026-09-27 15:27:29,B-BTC_USDT,15m,84220.01,84220.01,83975.8,84018.89,86.25479,201.1199999999953,244.20999999999185,0.8235534990377219,82.3553499037722,244.20999999999185,,,False,True,False,NO SIGNAL
2026-09-26 14:45:00,2026-09-26 15:00:00,2026-09-27 15:27:29,B-BTC_USDT,15m,84018.89,84038.01,83966.03,84031.18,114.07067,12.289999999993595,71.97999999999593,0.1707418727423491,17.07418727423491,71.97999999999593,,,False,False,False,NO SIGNAL
2026-09-26 15:00:00,2026-09-26 15:15:00,2026-09-27 15:48:02,B-BTC_USDT,15m,84031.18,84041.0,83981.1,84018.99,48.10489,12.189999999987776,59.89999999999418,0.203505843071602,20.3505843071602,59.89999999999418,,,False,False,False,NO SIGNAL
2026-09-26 15:15:00,2026-09-26 15:30:00,2026-09-27 16:04:24,B-BTC_USDT,15m,84019.0,84027.59,83994.54,84021.95,51.77198,2.9499999999970896,33.05000000000291,0.0892586989409025,8.925869894090251,33.05000000000291,,,False,False,False,NO SIGNAL
2026-09-26 15:30:00,2026-09-26 15:45:00,2026-09-27 16:19:03,B-BTC_USDT,15m,84021.96,84122.01,84021.95,84113.29,45.77385,91.3299999999872,100.05999999999769,0.9127523485907388,91.27523485907389,100.05999999999769,,,False,True,False,NO SIGNAL
2026-09-26 15:45:00,2026-09-26 16:00:00,2026-09-27 16:32:48,B-BTC_USDT,15m,84113.3,84184.95,84113.29,84143.55,53.38314,30.25,71.66000000000349,0.4221322913759214,42.21322913759214,71.66000000000349,,,False,False,False,NO SIGNAL
2026-09-26 16:00:00,2026-09-26 16:15:00,2026-09-27 16:51:35,B-BTC_USDT,15m,84143.55,84163.36,84122.11,84148.0,71.39411,4.44999999999709,41.25,0.1078787878787173,10.78787878787173,41.25,,,False,False,False,NO SIGNAL
2026-09-26 16:15:00,2026-09-26 16:30:00,2026-09-27 17:08:23,B-BTC_USDT,15m,84148.01,84179.92,84130.02,84179.92,43.43498,31.91000000000349,49.89999999999418,0.6394789579159762,63.94789579159762,49.89999999999418,,,False,True,False,NO SIGNAL
2026-09-26 16:30:00,2026-09-26 16:45:00,2026-09-27 17:22:21,B-BTC_USDT,15m,84179.92,84192.01,84130.79,84171.85,72.74059,8.069999999992433,61.22000000000117,0.1318196667754374,13.181966677543741,61.22000000000117,,,False,False,False,NO SIGNAL
2026-09-26 16:45:00,2026-09-26 17:00:00,2026-09-27 17:42:59,B-BTC_USDT,15m,84171.85,84199.97,84161.98,84163.35,26.33209,8.5,37.99000000000524,0.2237430902868867,22.374309028688668,37.99000000000524,,,False,False,False,NO SIGNAL
2026-09-26 17:00:00,2026-09-26 17:15:00,2026-09-27 17:42:59,B-BTC_USDT,15m,84163.36,84198.0,84163.34,84176.05,45.83575,12.690000000002328,34.66000000000349,0.3661281015580222,36.61281015580222,34.66000000000349,,,False,False,False,NO SIGNAL
2026-09-26 17:15:00,2026-09-26 17:30:00,2026-09-27 18:06:06,B-BTC_USDT,15m,84176.05,84185.64,84166.01,84176.0,53.11106,0.0500000000029103,19.630000000004657,0.0025471217525674,0.25471217525674,19.630000000004657,,,False,False,False,NO SIGNAL
2026-09-26 17:30:00,2026-09-26 17:45:00,2026-09-27 18:24:06,B-BTC_USDT,15m,84176.0,84183.45,84108.0,84150.0,74.69981,26.0,75.44999999999709,0.3445990722332803,34.45990722332803,75.44999999999709,,,False,False,False,NO SIGNAL
2026-09-26 17:45:00,2026-09-26 18:00:00,2026-09-27 18:42:07,B-BTC_USDT,15m,84150.0,84204.88,84103.65,84103.66,64.32191,46.33999999999651,101.23000000001048,0.4577694359378811,45.77694359378811,101.23000000001048,,,False,False,False,NO SIGNAL
2026-09-26 18:00:00,2026-09-26 18:15:00,2026-09-27 18:59:27,B-BTC_USDT,15m,84103.65,84125.97,84050.0,84050.01,33.00772,53.63999999999942,75.97000000000116,0.7060681848097748,70.60681848097748,75.97000000000116,,,False,True,False,NO SIGNAL
2026-09-26 18:15:00,2026-09-26 18:30:00,2026-09-27 19:15:01,B-BTC_USDT,15m,84050.0,84074.01,84050.0,84051.9,63.95471,1.8999999999941792,24.00999999999476,0.0791336942938189,7.91336942938189,24.00999999999476,,,False,False,False,NO SIGNAL
2026-09-26 18:30:00,2026-09-26 18:45:00,2026-09-27 19:27:29,B-BTC_USDT,15m,84051.89,84125.45,83958.83,84008.01,84.11303,43.88000000000466,166.61999999999534,0.2633537390469684,26.33537390469684,166.61999999999534,,,False,False,False,NO SIGNAL
2026-09-26 18:45:00,2026-09-26 19:00:00,2026-09-27 19:27:29,B-BTC_USDT,15m,84008.0,84024.02,83856.23,83932.0,106.88666,76.0,167.79000000000815,0.452947136301307,45.2947136301307,167.79000000000815,,,False,False,False,NO SIGNAL
2026-09-26 19:00:00,2026-09-26 19:15:00,2026-09-27 19:47:20,B-BTC_USDT,15m,83932.0,83932.27,83865.42,83932.26,100.7864,0.2599999999947613,66.85000000000582,0.0038893044127859,0.38893044127859,66.85000000000582,,,False,False,False,NO SIGNAL
2026-09-26 19:15:00,2026-09-26 19:30:00,2026-09-27 20:03:32,B-BTC_USDT,15m,83932.26,83975.82,83923.44,83939.1,151.17582,6.84000000001106,52.38000000000466,0.130584192440062,13.0584192440062,52.38000000000466,,,False,False,False,NO SIGNAL
2026-09-26 19:30:00,2026-09-26 19:45:00,2026-09-27 20:17:58,B-BTC_USDT,15m,83939.11,83968.01,83919.1,83960.01,101.40702,20.89999999999418,48.90999999998894,0.4273154774074607,42.731547740746066,48.90999999998894,,,False,False,False,NO SIGNAL
2026-09-26 19:45:00,2026-09-26 20:00:00,2026-09-27 20:31:01,B-BTC_USDT,15m,83960.01,83982.73,83960.0,83980.0,33.86904,19.99000000000524,22.729999999995925,0.8794544654645324,87.94544654645324,22.729999999995925,,,False,True,False,NO SIGNAL
2026-09-26 20:00:00,2026-09-26 20:15:00,2026-09-27 20:50:39,B-BTC_USDT,15m,83980.01,84034.48,83980.0,84021.7,62.74908,41.69000000000233,54.479999999995925,0.7652349486050927,76.52349486050926,54.479999999995925,,,False,True,False,NO SIGNAL
2026-09-26 20:15:00,2026-09-26 20:30:00,2026-09-27 21:07:17,B-BTC_USDT,15m,84021.69,84049.19,84007.36,84020.0,54.92832,1.6900000000023283,41.83000000000175,0.040401625627594,4.0401625627594004,41.83000000000175,,,False,False,False,NO SIGNAL
2026-09-26 20:30:00,2026-09-26 20:45:00,2026-09-27 21:21:57,B-BTC_USDT,15m,84020.01,84036.0,84010.49,84020.02,92.50924,0.0100000000093132,25.50999999999476,0.0003920031363902,0.03920031363902,25.50999999999476,,,False,False,False,NO SIGNAL
2026-09-26 20:45:00,2026-09-26 21:00:00,2026-09-27 21:38:48,B-BTC_USDT,15m,84020.02,84058.5,84020.01,84058.49,69.42398,38.47000000000117,38.49000000000524,0.9994803845153528,99.94803845153528,38.49000000000524,,,False,True,False,NO SIGNAL
2026-09-26 21:00:00,2026-09-26 21:15:00,2026-09-27 21:58:02,B-BTC_USDT,15m,84058.5,84190.0,84058.49,84134.77,158.63962,76.27000000000407,131.50999999999476,0.5799558968900245,57.99558968900244,131.50999999999476,,,False,False,False,NO SIGNAL
2026-09-26 21:15:00,2026-09-26 21:30:00,2026-09-27 21:58:02,B-BTC_USDT,15m,84134.77,84156.0,84082.45,84155.99,121.23779,21.220000000001164,73.55000000000291,0.2885112168592838,28.851121685928383,73.55000000000291,,,False,False,False,NO SIGNAL
2026-09-26 21:30:00,2026-09-26 21:45:00,2026-09-27 22:28:03,B-BTC_USDT,15m,84156.0,84164.48,84110.21,84135.75,67.57623,20.25,54.26999999998952,0.373134328358281,37.313432835828095,54.26999999998952,,,False,False,False,NO SIGNAL
2026-09-26 21:45:00,2026-09-26 22:00:00,2026-09-27 22:28:03,B-BTC_USDT,15m,84135.75,84149.56,84098.18,84112.22,57.39659,23.52999999999884,51.38000000000466,0.457960295834891,45.7960295834891,51.38000000000466,,,False,False,False,NO SIGNAL
2026-09-26 22:00:00,2026-09-26 22:15:00,2026-09-27 22:47:16,B-BTC_USDT,15m,84112.22,84174.33,84112.21,84152.32,34.4781,40.10000000000582,62.11999999999534,0.645524790727766,64.5524790727766,62.11999999999534,,,False,True,False,NO SIGNAL
2026-09-26 22:15:00,2026-09-26 22:30:00,2026-09-27 23:03:18,B-BTC_USDT,15m,84152.32,84166.3,84100.02,84120.0,104.69028,32.320000000006985,66.27999999999884,0.4876282438142358,48.76282438142358,66.27999999999884,,,False,False,False,NO SIGNAL
2026-09-26 22:30:00,2026-09-26 22:45:00,2026-09-27 23:17:25,B-BTC_USDT,15m,84120.0,84128.62,84065.27,84087.98,75.50211,32.020000000004075,63.34999999999127,0.5054459352803234,50.544593528032344,63.34999999999127,,,False,False,False,NO SIGNAL
2026-09-26 22:45:00,2026-09-26 23:00:00,2026-09-27 23:30:32,B-BTC_USDT,15m,84087.97,84088.01,84050.39,84070.75,110.37812,17.220000000001164,37.61999999999534,0.457735247209019,45.7735247209019,37.61999999999534,,,False,False,False,NO SIGNAL
2026-09-26 23:00:00,2026-09-26 23:15:00,2026-09-27 23:53:09,B-BTC_USDT,15m,84070.74,84101.73,84041.92,84101.72,118.79367,30.979999999995925,59.80999999999767,0.5179735830128261,51.797358301282614,59.80999999999767,,,False,False,False,NO SIGNAL
2026-09-26 23:15:00,2026-09-26 23:30:00,2026-09-28 00:13:15,B-BTC_USDT,15m,84101.73,84132.41,84101.72,84132.4,74.91071,30.669999999998254,30.69000000000233,0.9993483219288344,99.93483219288343,30.69000000000233,,,False,True,False,NO SIGNAL
2026-09-26 23:30:00,2026-09-26 23:45:00,2026-09-28 00:27:40,B-BTC_USDT,15m,84132.4,84162.52,84100.6,84100.61,83.32108,31.7899999999936,61.919999999998254,0.5134043927647689,51.34043927647689,61.919999999998254,,,False,False,False,NO SIGNAL
2026-09-26 23:45:00,2026-09-27 00:00:00,2026-09-28 00:27:40,B-BTC_USDT,15m,84100.61,84100.61,84063.18,84069.27,84.11077,31.339999999996508,37.43000000000757,0.8372962864010198,83.72962864010198,37.43000000000757,,,False,True,False,NO SIGNAL
2026-09-27 00:00:00,2026-09-27 00:15:00,2026-09-28 00:46:09,B-BTC_USDT,15m,84069.26,84073.8,84002.0,84006.06,114.98834,63.19999999999709,71.80000000000291,0.8802228412255505,88.02228412255505,71.80000000000291,,,False,True,False,NO SIGNAL
2026-09-27 00:15:00,2026-09-27 00:30:00,2026-09-28 01:01:35,B-BTC_USDT,15m,84006.06,84020.76,83990.0,83998.68,112.89159,7.380000000004657,30.75999999999476,0.2399219765931701,23.99219765931701,30.75999999999476,,,False,False,False,NO SIGNAL
2026-09-27 00:30:00,2026-09-27 00:45:00,2026-09-28 01:27:40,B-BTC_USDT,15m,83998.68,84048.14,83998.67,84022.95,132.90177,24.270000000004075,49.47000000000117,0.4906003638569537,49.06003638569537,49.47000000000117,,,False,False,False,NO SIGNAL
2026-09-27 00:45:00,2026-09-27 01:00:00,2026-09-28 01:27:40,B-BTC_USDT,15m,84022.94,84039.04,84022.16,84039.03,79.48502,16.089999999996508,16.879999999990105,0.9531990521330532,95.31990521330532,16.879999999990105,,,False,True,False,NO SIGNAL
2026-09-27 01:00:00,2026-09-27 01:15:00,2026-09-28 01:47:46,B-BTC_USDT,15m,84039.03,84039.17,83976.74,84016.78,72.63222,22.25,62.429999999993015,0.356399167067155,35.6399167067155,62.429999999993015,,,False,False,False,NO SIGNAL
2026-09-27 01:15:00,2026-09-27 01:30:00,2026-09-28 02:03:52,B-BTC_USDT,15m,84016.79,84029.91,84004.0,84016.63,43.13614,0.1599999999889405,25.91000000000349,0.0061752219216101,0.61752219216101,25.91000000000349,,,False,False,False,NO SIGNAL
2026-09-27 01:30:00,2026-09-27 01:45:00,2026-09-28 02:18:25,B-BTC_USDT,15m,84016.63,84060.01,83991.39,84018.01,27.33578,1.3799999999901047,68.61999999999534,0.0201107548818157,2.01107548818157,68.61999999999534,,,False,False,False,NO SIGNAL
2026-09-27 01:45:00,2026-09-27 02:00:00,2026-09-28 02:31:47,B-BTC_USDT,15m,84018.0,84082.84,84018.0,84082.84,26.39881,64.83999999999651,64.83999999999651,1.0,100.0,64.83999999999651,,,False,True,False,NO SIGNAL
2026-09-27 02:00:00,2026-09-27 02:15:00,2026-09-28 02:50:51,B-BTC_USDT,15m,84082.83,84097.88,83874.0,83890.01,88.15101,192.82000000000696,223.88000000000463,0.861264963373249,86.1264963373249,223.88000000000463,,,False,True,False,NO SIGNAL
2026-09-27 02:15:00,2026-09-27 02:30:00,2026-09-28 03:07:31,B-BTC_USDT,15m,83890.01,84041.73,83838.0,84030.34,83.61493,140.33000000000175,203.72999999999595,0.6888038089628653,68.88038089628652,203.72999999999595,,,False,True,False,NO SIGNAL
2026-09-27 02:30:00,2026-09-27 02:45:00,2026-09-28 03:21:08,B-BTC_USDT,15m,84030.35,84118.06,84030.34,84118.06,30.50871,87.70999999999185,87.72000000000116,0.9998860009118864,99.98860009118864,87.72000000000116,,,False,True,False,NO SIGNAL
2026-09-27 02:45:00,2026-09-27 03:00:00,2026-09-28 03:36:36,B-BTC_USDT,15m,84118.05,84220.99,84105.4,84220.97,97.4833,102.91999999999824,115.59000000001106,0.890388441906639,89.0388441906639,115.59000000001106,,,False,True,False,NO SIGNAL
2026-09-27 03:00:00,2026-09-27 03:15:00,2026-09-28 03:55:33,B-BTC_USDT,15m,84220.98,84262.85,84162.0,84163.99,87.50197,56.98999999999069,100.85000000000582,0.5650966782348775,56.50966782348775,100.85000000000582,,,False,False,False,NO SIGNAL
2026-09-27 03:15:00,2026-09-27 03:30:00,2026-09-28 04:13:15,B-BTC_USDT,15m,84164.0,84164.0,84118.48,84158.75,57.93289,5.25,45.52000000000408,0.1153339191564044,11.53339191564044,45.52000000000408,,,False,False,False,NO SIGNAL
2026-09-27 03:30:00,2026-09-27 03:45:00,2026-09-28 04:26:45,B-BTC_USDT,15m,84158.74,84420.59,84158.74,84345.26,183.90755,186.51999999998952,261.84999999999127,0.7123162115714942,71.23162115714942,261.84999999999127,,,False,True,False,NO SIGNAL
2026-09-27 03:45:00,2026-09-27 04:00:00,2026-09-28 04:26:45,B-BTC_USDT,15m,84345.26,84364.0,84256.0,84364.0,160.47116,18.74000000000524,108.0,0.173518518518567,17.3518518518567,108.0,,,False,False,False,NO SIGNAL
2026-09-27 04:00:00,2026-09-27 04:15:00,2026-09-28 04:46:07,B-BTC_USDT,15m,84363.99,84363.99,84274.31,84275.11,42.53221,88.88000000000466,89.68000000000757,0.9910793933987194,99.10793933987195,89.68000000000757,,,False,True,False,NO SIGNAL
2026-09-27 04:15:00,2026-09-27 04:30:00,2026-09-28 05:01:56,B-BTC_USDT,15m,84275.11,84342.01,84269.77,84276.01,171.40838,0.8999999999941792,72.23999999999069,0.0124584717607183,1.24584717607183,72.23999999999069,,,False,False,False,NO SIGNAL
2026-09-27 04:30:00,2026-09-27 04:45:00,2026-09-28 05:28:14,B-BTC_USDT,15m,84276.01,84376.01,84276.0,84356.91,38.95622,80.90000000000873,100.00999999999476,0.8089191080893208,80.89191080893208,100.00999999999476,,,False,True,False,NO SIGNAL
2026-09-27 04:45:00,2026-09-27 05:00:00,2026-09-28 05:28:14,B-BTC_USDT,15m,84356.92,84438.28,84329.69,84384.73,276.0847,27.80999999999767,108.58999999999652,0.2561009301040479,25.61009301040479,108.58999999999652,,,False,False,False,NO SIGNAL
2026-09-27 05:00:00,2026-09-27 05:15:00,2026-09-28 05:58:36,B-BTC_USDT,15m,84384.73,84434.01,84349.78,84349.79,250.23259,34.94000000000233,84.22999999999593,0.4148165736673871,41.48165736673871,84.22999999999593,,,False,False,False,NO SIGNAL
2026-09-27 05:15:00,2026-09-27 05:30:00,2026-09-28 05:58:36,B-BTC_USDT,15m,84349.78,84473.58,84349.78,84433.1,115.80708,83.32000000000698,123.80000000000292,0.6730210016155495,67.30210016155495,123.80000000000292,,,False,True,False,NO SIGNAL
2026-09-27 05:30:00,2026-09-27 05:45:00,2026-09-28 06:21:59,B-BTC_USDT,15m,84433.11,84443.26,84328.36,84328.37,71.64858,104.74000000000524,114.89999999999418,0.911575282854748,91.1575282854748,114.89999999999418,,,False,True,False,NO SIGNAL
2026-09-27 05:45:00,2026-09-27 06:00:00,2026-09-28 06:39:47,B-BTC_USDT,15m,84328.37,84328.37,84257.07,84266.01,39.64525,62.36000000000058,71.29999999998836,0.8746143057505016,87.46143057505016,71.29999999998836,,,False,True,False,NO SIGNAL
2026-09-27 06:00:00,2026-09-27 06:15:00,2026-09-28 06:58:14,B-BTC_USDT,15m,84266.0,84384.77,84266.0,84350.5,53.29679,84.5,118.77000000000407,0.7114591226740515,71.14591226740515,118.77000000000407,,,False,True,False,NO SIGNAL
2026-09-27 06:15:00,2026-09-27 06:30:00,2026-09-28 06:58:14,B-BTC_USDT,15m,84350.5,84350.51,84306.0,84306.01,19.77412,44.49000000000524,44.50999999999476,0.999550662772646,99.9550662772646,44.50999999999476,,,False,True,False,NO SIGNAL
2026-09-27 06:30:00,2026-09-27 06:45:00,2026-09-28 07:29:46,B-BTC_USDT,15m,84306.01,84391.99,84281.84,84391.99,26.52198,85.98000000001048,110.15000000000872,0.7805719473445635,78.05719473445635,110.15000000000872,,,False,True,False,NO SIGNAL
2026-09-27 06:45:00,2026-09-27 07:00:00,2026-09-28 07:29:46,B-BTC_USDT,15m,84391.98,84414.34,84332.99,84333.0,66.35159,58.979999999995925,81.34999999999127,0.725015365703777,72.5015365703777,81.34999999999127,,,False,True,False,NO SIGNAL
2026-09-27 07:00:00,2026-09-27 07:15:00,2026-09-28 07:51:31,B-BTC_USDT,15m,84332.99,84401.0,84309.42,84400.99,51.21908,68.0,91.58000000000176,0.7425202009172167,74.25202009172168,91.58000000000176,,,False,True,False,NO SIGNAL
2026-09-27 07:15:00,2026-09-27 07:30:00,2026-09-28 08:10:57,B-BTC_USDT,15m,84401.0,84571.13,84401.0,84495.01,158.76687,94.00999999999476,170.13000000000466,0.5525774407805336,55.25774407805336,170.13000000000466,,,False,False,False,NO SIGNAL
2026-09-27 07:30:00,2026-09-27 07:45:00,2026-09-28 08:27:14,B-BTC_USDT,15m,84495.01,84535.97,84460.0,84498.01,85.11994,3.0,75.97000000000116,0.039489272081084,3.9489272081084,75.97000000000116,,,False,False,False,NO SIGNAL
2026-09-27 07:45:00,2026-09-27 08:00:00,2026-09-28 08:27:14,B-BTC_USDT,15m,84498.01,84540.01,84475.51,84516.01,53.5511,18.0,64.5,0.2790697674418604,27.90697674418604,64.5,,,False,False,False,NO SIGNAL
2026-09-27 08:00:00,2026-09-27 08:15:00,2026-09-28 08:50:21,B-BTC_USDT,15m,84516.01,84536.0,84479.84,84479.84,32.3504,36.169999999998254,56.16000000000349,0.6440527065526354,64.40527065526354,56.16000000000349,,,False,True,False,NO SIGNAL
2026-09-27 08:15:00,2026-09-27 08:30:00,2026-09-28 09:10:41,B-BTC_USDT,15m,84479.84,84480.01,84448.0,84450.0,50.91851,29.839999999996508,32.00999999999476,0.9322086847860478,93.22086847860479,32.00999999999476,,,False,True,False,NO SIGNAL
2026-09-27 08:30:00,2026-09-27 08:45:00,2026-09-28 09:27:59,B-BTC_USDT,15m,84450.01,84518.6,84450.0,84488.81,66.57864,38.80000000000291,68.60000000000582,0.5655976676384784,56.55976676384784,68.60000000000582,,,False,False,False,NO SIGNAL
2026-09-27 08:45:00,2026-09-27 09:00:00,2026-09-28 09:27:59,B-BTC_USDT,15m,84488.82,84488.82,84378.46,84387.59,42.41816,101.23000000001048,110.36000000000058,0.9172707502719276,91.72707502719277,110.36000000000058,,,False,True,False,NO SIGNAL
2026-09-27 09:00:00,2026-09-27 09:15:00,2026-09-28 09:50:53,B-BTC_USDT,15m,84387.6,84436.75,84387.59,84403.71,36.71337,16.110000000000582,49.16000000000349,0.3277054515866444,32.77054515866444,49.16000000000349,,,False,False,False,NO SIGNAL
2026-09-27 09:15:00,2026-09-27 09:30:00,2026-09-28 10:11:47,B-BTC_USDT,15m,84403.7,84419.67,84372.0,84402.15,50.00491,1.5500000000029104,47.669999999998254,0.0325152087267247,3.2515208726724696,47.669999999998254,,,False,False,False,NO SIGNAL
2026-09-27 09:30:00,2026-09-27 09:45:00,2026-09-28 10:28:11,B-BTC_USDT,15m,84402.15,84510.0,84396.0,84490.0,42.7352,87.85000000000582,114.0,0.7706140350877704,77.06140350877703,114.0,,,False,True,False,NO SIGNAL
2026-09-27 09:45:00,2026-09-27 10:00:00,2026-09-28 10:28:11,B-BTC_USDT,15m,84490.01,84491.5,84426.0,84426.0,41.24125,64.00999999999476,65.5,0.9772519083968666,97.72519083968666,65.5,,,False,True,False,NO SIGNAL
2026-09-27 10:00:00,2026-09-27 10:15:00,2026-09-28 10:50:48,B-BTC_USDT,15m,84426.0,84426.01,84314.18,84315.38,66.39863,110.61999999999534,111.83000000000176,0.9891800053652297,98.91800053652297,111.83000000000176,,,False,True,False,NO SIGNAL
2026-09-27 10:15:00,2026-09-27 10:30:00,2026-09-28 11:10:03,B-BTC_USDT,15m,84315.39,84362.0,84305.35,84329.6,51.72619,14.210000000006405,56.64999999999418,0.2508384819065818,25.08384819065818,56.64999999999418,,,False,False,False,NO SIGNAL
2026-09-27 10:30:00,2026-09-27 10:45:00,2026-09-28 11:25:46,B-BTC_USDT,15m,84329.61,84398.0,84325.0,84391.54,52.26413,61.929999999993015,73.0,0.848356164383466,84.83561643834659,73.0,,,False,True,False,NO SIGNAL
2026-09-27 10:45:00,2026-09-27 11:00:00,2026-09-28 11:25:46,B-BTC_USDT,15m,84391.55,84398.87,84391.54,84398.86,20.26677,7.309999999997672,7.330000000001746,0.9972714870390084,99.72714870390084,7.330000000001746,,,False,True,False,NO SIGNAL
2026-09-27 11:00:00,2026-09-27 11:15:00,2026-09-28 11:55:26,B-BTC_USDT,15m,84398.86,84654.02,84398.86,84548.0,168.82005,149.13999999999942,255.1600000000035,0.5844960025082199,58.44960025082199,255.1600000000035,,,False,False,False,NO SIGNAL
2026-09-27 11:15:00,2026-09-27 11:30:00,2026-09-28 11:55:26,B-BTC_USDT,15m,84548.01,84573.03,84468.98,84478.06,116.47374,69.94999999999709,104.05000000000292,0.6722729456991363,67.22729456991362,104.05000000000292,,,False,True,False,NO SIGNAL
2026-09-27 11:30:00,2026-09-27 11:45:00,2026-09-28 12:21:01,B-BTC_USDT,15m,84478.06,84608.01,84478.06,84605.94,86.61697,127.88000000000466,129.9499999999971,0.9840707964602348,98.40707964602348,129.9499999999971,,,False,True,False,NO SIGNAL
2026-09-27 11:45:00,2026-09-27 12:00:00,2026-09-28 12:39:39,B-BTC_USDT,15m,84605.95,84636.91,84546.0,84599.21,168.69186,6.739999999990687,90.91000000000348,0.0741392586073086,7.413925860730861,90.91000000000348,,,False,False,False,NO SIGNAL
2026-09-27 12:00:00,2026-09-27 12:15:00,2026-09-28 12:39:39,B-BTC_USDT,15m,84599.21,84605.82,84518.49,84528.54,108.42741,70.6700000000128,87.33000000000175,0.8092293598993633,80.92293598993633,87.33000000000175,,,False,True,False,NO SIGNAL
2026-09-27 12:15:00,2026-09-27 12:30:00,2026-09-28 13:01:45,B-BTC_USDT,15m,84528.54,84565.68,84482.98,84511.69,76.87671,16.84999999999127,82.69999999999709,0.203748488512598,20.3748488512598,82.69999999999709,,,False,False,False,NO SIGNAL
2026-09-27 12:30:00,2026-09-27 12:45:00,2026-09-28 13:21:03,B-BTC_USDT,15m,84511.69,84548.0,84511.68,84540.77,65.73327,29.080000000001743,36.320000000006985,0.800660792951436,80.0660792951436,36.320000000006985,,,False,True,False,NO SIGNAL
2026-09-27 12:45:00,2026-09-27 13:00:00,2026-09-28 13:39:46,B-BTC_USDT,15m,84540.78,84550.06,84500.0,84534.6,112.54583,6.179999999993015,50.05999999999767,0.1234518577705414,12.34518577705414,50.05999999999767,,,False,False,False,NO SIGNAL
2026-09-27 13:00:00,2026-09-27 13:15:00,2026-09-28 13:39:46,B-BTC_USDT,15m,84534.6,84632.01,84534.59,84626.01,87.35681,91.40999999998894,97.41999999999824,0.9383083555737074,93.83083555737073,97.41999999999824,,,False,True,False,NO SIGNAL
2026-09-27 13:15:00,2026-09-27 13:30:00,2026-09-28 14:03:20,B-BTC_USDT,15m,84626.0,84791.0,84614.0,84791.0,209.91699,165.0,177.0,0.9322033898305084,93.22033898305084,177.0,,,False,True,False,NO SIGNAL
2026-09-27 13:30:00,2026-09-27 13:45:00,2026-09-28 14:22:25,B-BTC_USDT,15m,84790.99,84840.0,84732.07,84816.39,331.22409,25.39999999999418,107.92999999999302,0.2353377188918356,23.533771889183562,107.92999999999302,,,False,False,False,NO SIGNAL
2026-09-27 13:45:00,2026-09-27 14:00:00,2026-09-28 14:42:36,B-BTC_USDT,15m,84816.38,84864.01,84754.02,84810.01,188.48434,6.370000000009895,109.98999999999069,0.0579143558506267,5.79143558506267,109.98999999999069,,,False,False,False,NO SIGNAL
2026-09-27 14:00:00,2026-09-27 14:15:00,2026-09-28 14:42:36,B-BTC_USDT,15m,84810.01,84883.98,84692.68,84749.0,213.34182,61.00999999999476,191.3000000000029,0.3189231573444528,31.89231573444528,191.3000000000029,,,False,False,False,NO SIGNAL
2026-09-27 14:15:00,2026-09-27 14:30:00,2026-09-28 15:05:48,B-BTC_USDT,15m,84749.01,84827.78,84709.98,84800.0,224.13597,50.99000000000524,117.80000000000292,0.4328522920204073,43.28522920204073,117.80000000000292,,,False,False,False,NO SIGNAL
2026-09-27 14:30:00,2026-09-27 14:45:00,2026-09-28 15:24:36,B-BTC_USDT,15m,84800.0,84800.01,84590.0,84658.0,247.88821,142.0,210.0099999999948,0.6761582781772465,67.61582781772465,210.0099999999948,,,False,True,False,NO SIGNAL
2026-09-27 14:45:00,2026-09-27 15:00:00,2026-09-28 15:24:36,B-BTC_USDT,15m,84658.0,84700.59,84631.59,84700.59,211.29688,42.58999999999651,69.0,0.6172463768115436,61.72463768115436,69.0,,,False,True,False,NO SIGNAL
2026-09-27 15:00:00,2026-09-27 15:15:00,2026-09-28 15:45:49,B-BTC_USDT,15m,84700.59,84804.24,84700.58,84804.24,286.57458,103.65000000000872,103.66000000000348,0.9999035307737336,99.99035307737336,103.66000000000348,,,False,True,False,NO SIGNAL
2026-09-27 15:15:00,2026-09-27 15:30:00,2026-09-28 16:05:47,B-BTC_USDT,15m,84804.24,84958.99,84804.23,84944.01,576.46893,139.76999999998952,154.7600000000093,0.9031403463426022,90.31403463426022,154.7600000000093,,,False,True,False,NO SIGNAL
2026-09-27 15:30:00,2026-09-27 15:45:00,2026-09-28 16:23:55,B-BTC_USDT,15m,84944.01,85048.13,84900.0,85032.41,220.54214,88.40000000000873,148.13000000000466,0.5967731047053666,59.67731047053666,148.13000000000466,,,False,False,False,NO SIGNAL
2026-09-27 15:45:00,2026-09-27 16:00:00,2026-09-28 16:43:31,B-BTC_USDT,15m,85032.4,85117.64,84910.55,84930.0,160.12218,102.39999999999418,207.0899999999965,0.4944710029455594,49.44710029455594,207.0899999999965,,,False,False,False,NO SIGNAL
2026-09-27 16:00:00,2026-09-27 16:15:00,2026-09-28 16:43:31,B-BTC_USDT,15m,84930.01,84930.14,84858.0,84858.01,97.08469,72.0,72.13999999999942,0.998059329082348,99.8059329082348,72.13999999999942,,,False,True,False,NO SIGNAL
2026-09-27 16:15:00,2026-09-27 16:30:00,2026-09-28 17:05:21,B-BTC_USDT,15m,84858.0,84909.98,84800.0,84883.0,67.41878,25.0,109.97999999999593,0.2273140571012995,22.731405710129952,109.97999999999593,,,False,False,False,NO SIGNAL
2026-09-27 16:30:00,2026-09-27 16:45:00,2026-09-28 17:23:45,B-BTC_USDT,15m,84882.99,84946.01,84848.0,84910.02,80.78614,27.02999999999884,98.00999999999476,0.2757881848790968,27.57881848790968,98.00999999999476,,,False,False,False,NO SIGNAL
2026-09-27 16:45:00,2026-09-27 17:00:00,2026-09-28 17:23:45,B-BTC_USDT,15m,84910.01,84939.44,84841.93,84905.55,70.54839,4.459999999991851,97.51000000000931,0.0457388985744172,4.57388985744172,97.51000000000931,,,False,False,False,NO SIGNAL
2026-09-27 17:00:00,2026-09-27 17:15:00,2026-09-28 17:47:14,B-BTC_USDT,15m,84905.55,84912.34,84836.06,84912.34,54.28397,6.789999999993597,76.27999999999884,0.0890141583638398,8.90141583638398,76.27999999999884,,,False,False,False,NO SIGNAL
2026-09-27 17:15:00,2026-09-27 17:30:00,2026-09-28 18:13:10,B-BTC_USDT,15m,84912.33,84918.61,84850.0,84898.0,46.37291,14.330000000001746,68.61000000000058,0.2088616819705819,20.88616819705819,68.61000000000058,,,False,False,False,NO SIGNAL
2026-09-27 17:30:00,2026-09-27 17:45:00,2026-09-28 18:13:10,B-BTC_USDT,15m,84898.0,85007.49,84898.0,85002.83,52.77829,104.83000000000176,109.49000000000524,0.9574390355283288,95.74390355283288,109.49000000000524,,,False,True,False,NO SIGNAL
2026-09-27 17:45:00,2026-09-27 18:00:00,2026-09-28 18:31:24,B-BTC_USDT,15m,85002.83,85044.51,84957.78,84970.11,108.56249,32.720000000001164,86.72999999999593,0.3772627695146166,37.726276951461664,86.72999999999593,,,False,False,False,NO SIGNAL
2026-09-27 18:00:00,2026-09-27 18:15:00,2026-09-28 18:54:25,B-BTC_USDT,15m,84970.12,85027.48,84970.0,84996.0,71.2277,25.880000000004657,57.479999999995925,0.4502435629785402,45.02435629785402,57.479999999995925,,,False,False,False,NO SIGNAL
2026-09-27 18:15:00,2026-09-27 18:30:00,2026-09-28 18:54:25,B-BTC_USDT,15m,84996.01,84996.01,84802.01,84802.01,61.47511,194.0,194.0,1.0,100.0,194.0,,,False,True,False,NO SIGNAL
2026-09-27 18:30:00,2026-09-27 18:45:00,2026-09-28 19:16:33,B-BTC_USDT,15m,84802.01,84806.73,84637.73,84649.99,184.06593,152.01999999998952,169.0,0.8995266272188729,89.9526627218873,169.0,,,False,True,False,NO SIGNAL
2026-09-27 18:45:00,2026-09-27 19:00:00,2026-09-28 19:32:42,B-BTC_USDT,15m,84649.99,84950.0,84649.99,84945.01,89.23156,295.0199999999895,300.0099999999948,0.9833672210926124,98.33672210926125,300.0099999999948,,,False,True,False,NO SIGNAL
2026-09-27 19:00:00,2026-09-27 19:15:00,2026-09-28 19:57:22,B-BTC_USDT,15m,84945.0,85159.03,84790.0,84798.93,169.82932,146.07000000000698,369.0299999999989,0.3958214779286438,39.58214779286438,369.0299999999989,,,False,False,False,NO SIGNAL
2026-09-27 19:15:00,2026-09-27 19:30:00,2026-09-28 19:57:22,B-BTC_USDT,15m,84798.94,85040.0,84743.8,85030.41,103.12494,231.4700000000012,296.1999999999971,0.7814652261985261,78.1465226198526,296.1999999999971,,,False,True,False,NO SIGNAL
2026-09-27 19:30:00,2026-09-27 19:45:00,2026-09-28 20:20:45,B-BTC_USDT,15m,85030.41,85048.14,84914.35,84996.74,95.86205,33.669999999998254,133.7899999999936,0.2516630540399123,25.16630540399123,133.7899999999936,,,False,False,False,NO SIGNAL
2026-09-27 19:45:00,2026-09-27 20:00:00,2026-09-28 20:39:21,B-BTC_USDT,15m,84996.74,85016.01,84700.0,84708.0,99.9642,288.74000000000524,316.0099999999948,0.913705262491725,91.3705262491725,316.0099999999948,,,False,True,False,NO SIGNAL
2026-09-27 20:00:00,2026-09-27 20:15:00,2026-09-28 20:39:21,B-BTC_USDT,15m,84708.01,84796.14,84673.02,84734.01,136.08721,26.0,123.11999999999534,0.2111760883690788,21.11760883690788,123.11999999999534,,,False,False,False,NO SIGNAL
2026-09-27 20:15:00,2026-09-27 20:30:00,2026-09-28 21:02:37,B-BTC_USDT,15m,84734.0,84742.01,84450.0,84538.02,207.12675,195.97999999999595,292.0099999999948,0.6711413992671464,67.11413992671464,292.0099999999948,,,False,True,False,NO SIGNAL
2026-09-27 20:30:00,2026-09-27 20:45:00,2026-09-28 21:22:40,B-BTC_USDT,15m,84538.01,84592.24,84364.0,84514.32,197.86744,23.689999999987776,228.24000000000524,0.1037942516648581,10.37942516648581,228.24000000000524,,,False,False,False,NO SIGNAL
2026-09-27 20:45:00,2026-09-27 21:00:00,2026-09-28 21:42:21,B-BTC_USDT,15m,84514.32,84624.01,84458.0,84624.0,117.93097,109.67999999999302,166.00999999999476,0.6606830913800161,66.06830913800161,166.00999999999476,,,False,True,False,NO SIGNAL
2026-09-27 21:00:00,2026-09-27 21:15:00,2026-09-28 21:42:21,B-BTC_USDT,15m,84624.0,84644.01,84434.12,84436.23,105.6256,187.77000000000407,209.88999999999945,0.8946114631473848,89.46114631473849,209.88999999999945,,,False,True,False,NO SIGNAL
2026-09-27 21:15:00,2026-09-27 21:30:00,2026-09-28 22:04:32,B-BTC_USDT,15m,84436.23,84507.81,84430.0,84463.37,55.77028,27.13999999999941,77.80999999999767,0.3487983549672308,34.879835496723075,77.80999999999767,,,False,False,False,NO SIGNAL
2026-09-27 21:30:00,2026-09-27 21:45:00,2026-09-28 22:23:44,B-BTC_USDT,15m,84463.38,84593.12,84463.37,84563.99,47.27967,100.61000000000058,129.75,0.7754142581888291,77.54142581888291,129.75,,,False,True,False,NO SIGNAL
2026-09-27 21:45:00,2026-09-27 22:00:00,2026-09-28 22:43:07,B-BTC_USDT,15m,84563.99,84687.32,84506.63,84578.01,100.30089,14.019999999989524,180.6900000000024,0.0775914549780803,7.7591454978080305,180.6900000000024,,,False,False,False,NO SIGNAL
2026-09-27 22:00:00,2026-09-27 22:15:00,2026-09-28 22:43:07,B-BTC_USDT,15m,84578.0,84578.0,84380.0,84392.01,95.16922,185.99000000000524,198.0,0.9393434343434608,93.93434343434608,198.0099999999948,,,False,True,False,NO SIGNAL
2026-09-27 22:15:00,2026-09-27 22:30:00,2026-09-28 23:02:18,B-BTC_USDT,15m,84392.01,84449.95,84392.0,84426.0,60.57303,33.99000000000524,57.94999999999709,0.5865401207939076,58.65401207939076,57.94999999999709,,,False,False,False,NO SIGNAL
2026-09-27 22:30:00,2026-09-27 22:45:00,2026-09-28 23:20:01,B-BTC_USDT,15m,84426.0,84473.58,84342.0,84390.0,102.57916,36.0,131.58000000000175,0.2735978112175066,27.359781121750657,131.58000000000175,,,False,False,False,NO SIGNAL
2026-09-27 22:45:00,2026-09-27 23:00:00,2026-09-28 23:36:10,B-BTC_USDT,15m,84390.0,84457.82,84390.0,84444.0,60.54708,54.0,67.82000000000698,0.7962253022706346,79.62253022706346,67.82000000000698,,,False,True,False,NO SIGNAL
2026-09-27 23:00:00,2026-09-27 23:15:00,2026-09-28 23:36:10,B-BTC_USDT,15m,84444.0,84520.01,84444.0,84476.79,63.7437,32.7899999999936,76.00999999999476,0.4313906064990903,43.13906064990903,76.00999999999476,,,False,False,False,NO SIGNAL
2026-09-27 23:15:00,2026-09-27 23:30:00,2026-09-29 00:00:48,B-BTC_USDT,15m,84476.78,84574.01,84476.78,84574.0,21.15134,97.22000000000116,97.22999999999593,0.99989715108511,99.989715108511,97.22999999999593,,,False,True,False,NO SIGNAL
2026-09-27 23:30:00,2026-09-27 23:45:00,2026-09-29 00:22:28,B-BTC_USDT,15m,84574.0,84604.45,84565.9,84604.44,43.17221,30.44000000000233,38.55000000000291,0.7896238651102472,78.96238651102472,38.55000000000291,,,False,True,False,NO SIGNAL
2026-09-27 23:45:00,2026-09-28 00:00:00,2026-09-29 00:40:16,B-BTC_USDT,15m,84604.45,84740.01,84604.44,84740.01,52.97572,135.55999999999767,135.56999999999243,0.999926237368188,99.9926237368188,135.56999999999243,,,False,True,False,NO SIGNAL
2026-09-28 00:00:00,2026-09-28 00:15:00,2026-09-29 00:59:40,B-BTC_USDT,15m,84740.01,84771.67,84672.0,84758.01,88.37402,18.0,99.66999999999824,0.1805959666900804,18.05959666900804,99.66999999999824,,,False,False,False,NO SIGNAL
2026-09-28 00:15:00,2026-09-28 00:30:00,2026-09-29 00:59:40,B-BTC_USDT,15m,84758.0,84820.74,84706.0,84818.87,61.41497,60.86999999999534,114.74000000000524,0.5305037476032122,53.05037476032122,114.74000000000524,,,False,False,False,NO SIGNAL
2026-09-28 00:30:00,2026-09-28 00:45:00,2026-09-29 01:18:07,B-BTC_USDT,15m,84818.87,84843.0,84730.0,84795.96,40.02933,22.90999999998894,113.0,0.2027433628317605,20.27433628317605,113.0,,,False,False,False,NO SIGNAL
2026-09-28 00:45:00,2026-09-28 01:00:00,2026-09-29 01:31:25,B-BTC_USDT,15m,84795.95,84839.34,84671.37,84702.01,64.17185,93.94000000000231,167.97000000000116,0.5592665356909071,55.92665356909071,167.97000000000116,,,False,False,False,NO SIGNAL
2026-09-28 01:00:00,2026-09-28 01:15:00,2026-09-29 01:51:13,B-BTC_USDT,15m,84702.0,84796.01,84666.0,84771.4,61.89637,69.39999999999418,130.00999999999476,0.5338050919159832,53.38050919159832,130.00999999999476,,,False,False,False,NO SIGNAL
2026-09-28 01:15:00,2026-09-28 01:30:00,2026-09-29 02:10:47,B-BTC_USDT,15m,84771.41,84818.01,84736.01,84736.01,42.85101,35.40000000000873,82.0,0.4317073170732772,43.17073170732772,82.0,,,False,False,False,NO SIGNAL
2026-09-28 01:30:00,2026-09-28 01:45:00,2026-09-29 02:28:15,B-BTC_USDT,15m,84736.02,84813.0,84736.01,84812.99,27.77376,76.97000000000116,76.99000000000524,0.999740226003324,99.9740226003324,76.99000000000524,,,False,True,False,NO SIGNAL
2026-09-28 01:45:00,2026-09-28 02:00:00,2026-09-29 02:28:15,B-BTC_USDT,15m,84813.0,84813.0,84615.09,84621.75,61.56189,191.25,197.9100000000035,0.9663483401545988,96.63483401545989,197.9100000000035,,,False,True,False,NO SIGNAL
2026-09-28 02:00:00,2026-09-28 02:15:00,2026-09-29 02:50:00,B-BTC_USDT,15m,84621.74,84643.87,84583.18,84639.98,53.07535,18.239999999990687,60.69000000000233,0.3005437469103639,30.05437469103639,60.69000000000233,,,False,False,False,NO SIGNAL
2026-09-28 02:15:00,2026-09-28 02:30:00,2026-09-29 03:07:11,B-BTC_USDT,15m,84639.98,84640.04,84548.0,84552.0,79.34587,87.97999999999593,92.0399999999936,0.9558887440243596,95.58887440243596,92.0399999999936,,,False,True,False,NO SIGNAL
2026-09-28 02:30:00,2026-09-28 02:45:00,2026-09-29 03:23:09,B-BTC_USDT,15m,84552.01,84682.01,84552.0,84682.01,41.04473,130.0,130.00999999999476,0.999923082839822,99.9923082839822,130.00999999999476,,,False,True,False,NO SIGNAL
2026-09-28 02:45:00,2026-09-28 03:00:00,2026-09-29 03:41:43,B-BTC_USDT,15m,84682.01,84719.82,84607.51,84607.51,42.68958,74.5,112.31000000001222,0.6633425340574471,66.33425340574472,112.31000000001222,,,False,True,False,NO SIGNAL
2026-09-28 03:00:00,2026-09-28 03:15:00,2026-09-29 03:59:30,B-BTC_USDT,15m,84607.52,84622.01,84458.0,84548.72,103.38145,58.80000000000291,164.00999999999476,0.358514724711937,35.8514724711937,164.00999999999476,,,False,False,False,NO SIGNAL
2026-09-28 03:15:00,2026-09-28 03:30:00,2026-09-29 03:59:30,B-BTC_USDT,15m,84548.72,84700.01,84548.71,84688.07,61.3732,139.35000000000582,151.29999999998836,0.9210178453404928,92.10178453404929,151.29999999998836,,,False,True,False,NO SIGNAL
2026-09-28 03:30:00,2026-09-28 03:45:00,2026-09-29 04:29:02,B-BTC_USDT,15m,84688.07,84756.01,84277.72,84329.32,152.38396,358.75,478.2899999999936,0.7500679504066671,75.0067950406667,478.2899999999936,,,False,True,False,NO SIGNAL
2026-09-28 03:45:00,2026-09-28 04:00:00,2026-09-29 04:29:02,B-BTC_USDT,15m,84329.32,84566.01,84272.79,84555.65,76.3272,226.3299999999872,293.2200000000012,0.7718777709569139,77.18777709569139,293.2200000000012,,,False,True,False,NO SIGNAL
2026-09-28 04:00:00,2026-09-28 04:15:00,2026-09-29 04:49:30,B-BTC_USDT,15m,84555.65,84555.65,84178.65,84184.36,140.76572,371.2899999999936,377.0,0.9848541114058186,98.48541114058186,377.0,,,False,True,False,NO SIGNAL
2026-09-28 04:15:00,2026-09-28 04:30:00,2026-09-29 05:06:37,B-BTC_USDT,15m,84184.35,84242.01,84135.78,84195.27,62.67368,10.919999999998254,106.22999999999593,0.1027958203897079,10.27958203897079,106.22999999999593,,,False,False,False,NO SIGNAL
2026-09-28 04:30:00,2026-09-28 04:45:00,2026-09-29 05:22:33,B-BTC_USDT,15m,84195.27,84302.68,84132.0,84224.0,96.30219,28.729999999995925,170.67999999999302,0.1683266932270746,16.83266932270746,170.67999999999302,,,False,False,False,NO SIGNAL
2026-09-28 04:45:00,2026-09-28 05:00:00,2026-09-29 05:44:51,B-BTC_USDT,15m,84224.0,84448.01,84206.0,84408.0,112.97824,184.0,242.0099999999948,0.7602991611917027,76.02991611917027,242.0099999999948,,,False,True,False,NO SIGNAL
2026-09-28 05:00:00,2026-09-28 05:15:00,2026-09-29 05:44:51,B-BTC_USDT,15m,84408.0,84470.0,84340.62,84340.63,63.41487,67.36999999999534,129.38000000000466,0.5207141752975183,52.07141752975183,129.38000000000466,,,False,False,False,NO SIGNAL
2026-09-28 05:15:00,2026-09-28 05:30:00,2026-09-29 06:11:33,B-BTC_USDT,15m,84340.63,84532.01,84340.62,84472.0,119.73341,131.36999999999534,191.38999999999945,0.686399498406373,68.6399498406373,191.38999999999945,,,False,True,False,NO SIGNAL
2026-09-28 05:30:00,2026-09-28 05:45:00,2026-09-29 06:11:33,B-BTC_USDT,15m,84472.01,84567.0,84378.0,84430.01,74.26908,42.0,189.0,0.2222222222222222,22.22222222222222,189.0,,,False,False,False,NO SIGNAL
2026-09-28 05:45:00,2026-09-28 06:00:00,2026-09-29 06:30:48,B-BTC_USDT,15m,84430.01,84999.0,84422.0,84792.47,259.14211,362.4600000000064,577.0,0.6281802426343265,62.81802426343265,577.0,,,False,True,False,NO SIGNAL
2026-09-28 06:00:00,2026-09-28 06:15:00,2026-09-29 06:50:46,B-BTC_USDT,15m,84792.48,84792.48,84208.0,84300.01,286.48248,492.4700000000012,584.4799999999959,0.8425780180673498,84.25780180673497,584.4799999999959,,,False,True,False,NO SIGNAL
2026-09-28 06:15:00,2026-09-28 06:30:00,2026-09-29 07:08:17,B-BTC_USDT,15m,84300.01,84622.01,84140.0,84140.0,152.15045,160.00999999999476,482.0099999999948,0.3319640671355293,33.19640671355293,482.0099999999948,,,False,False,False,NO SIGNAL
2026-09-28 06:30:00,2026-09-28 06:45:00,2026-09-29 07:24:45,B-BTC_USDT,15m,84140.0,84238.87,83930.0,83959.63,415.70474,180.3699999999953,308.86999999999534,0.5839673649107976,58.39673649107976,308.86999999999534,,,False,False,False,NO SIGNAL
2026-09-28 06:45:00,2026-09-28 07:00:00,2026-09-29 07:44:01,B-BTC_USDT,15m,83959.63,84160.01,83880.0,84078.0,171.30436,118.36999999999534,280.0099999999948,0.4227349023249082,42.273490232490815,280.0099999999948,,,False,False,False,NO SIGNAL
2026-09-28 07:00:00,2026-09-28 07:15:00,2026-09-29 07:44:01,B-BTC_USDT,15m,84078.0,84142.01,83803.81,83815.43,162.49129,262.570000000007,338.1999999999971,0.7763749260792704,77.63749260792704,338.1999999999971,,,False,True,False,NO SIGNAL
2026-09-28 07:15:00,2026-09-28 07:30:00,2026-09-29 08:01:58,B-BTC_USDT,15m,83815.43,83924.56,83613.8,83694.43,273.79285,121.0,310.7599999999948,0.3893680010297401,38.93680010297401,310.7599999999948,,,False,False,False,NO SIGNAL
2026-09-28 07:30:00,2026-09-28 07:45:00,2026-09-29 08:18:52,B-BTC_USDT,15m,83694.42,83782.07,83480.0,83745.42,374.95811,51.0,302.070000000007,0.1688350382361665,16.88350382361665,302.070000000007,,,False,False,False,NO SIGNAL
2026-09-28 07:45:00,2026-09-28 08:00:00,2026-09-29 08:33:17,B-BTC_USDT,15m,83745.42,83756.12,83554.86,83627.27,134.82978,118.14999999999418,201.2599999999948,0.5870515750770011,58.705157507700115,201.2599999999948,,,False,False,False,NO SIGNAL
2026-09-28 08:00:00,2026-09-28 08:15:00,2026-09-29 08:54:46,B-BTC_USDT,15m,83627.27,83629.72,83420.81,83493.1,203.74535,134.16999999999825,208.9100000000035,0.6422382844286822,64.22382844286822,208.9100000000035,,,False,True,False,NO SIGNAL
2026-09-28 08:15:00,2026-09-28 08:30:00,2026-09-29 08:54:46,B-BTC_USDT,15m,83493.09,83541.23,83389.07,83418.24,159.31148,74.84999999999127,152.15999999998894,0.4919164037854673,49.19164037854673,152.15999999998894,,,False,False,False,NO SIGNAL
2026-09-28 08:30:00,2026-09-28 08:45:00,2026-09-29 09:15:56,B-BTC_USDT,15m,83418.91,83536.48,83383.41,83438.01,153.37943,19.09999999999127,153.06999999999243,0.1247795126412243,12.47795126412243,153.06999999999243,,,False,False,False,NO SIGNAL
2026-09-28 08:45:00,2026-09-28 09:00:00,2026-09-29 09:30:15,B-BTC_USDT,15m,83438.0,83506.01,83304.0,83330.01,205.91941,107.99000000000524,202.0099999999948,0.5345774961635961,53.45774961635961,202.0099999999948,,,False,False,False,NO SIGNAL
2026-09-28 09:00:00,2026-09-28 09:15:00,2026-09-29 09:52:44,B-BTC_USDT,15m,83330.0,83488.01,83210.0,83445.02,184.6146,115.02000000000407,278.0099999999948,0.4137261249595563,41.37261249595563,278.0099999999948,,,False,False,False,NO SIGNAL
2026-09-28 09:15:00,2026-09-28 09:30:00,2026-09-29 10:12:34,B-BTC_USDT,15m,83445.03,83486.0,83302.99,83338.6,152.27702,106.42999999999302,183.0099999999948,0.5815529206054099,58.15529206054099,183.0099999999948,,,False,False,False,NO SIGNAL
2026-09-28 09:30:00,2026-09-28 09:45:00,2026-09-29 10:28:36,B-BTC_USDT,15m,83338.6,83450.0,83232.0,83430.53,164.44706,91.92999999999302,218.0,0.42169724770639,42.169724770639,218.0,,,False,False,False,NO SIGNAL
2026-09-28 09:45:00,2026-09-28 10:00:00,2026-09-29 10:28:36,B-BTC_USDT,15m,83430.52,83516.01,83370.71,83484.57,106.63966,54.05000000000291,145.29999999998836,0.3719889883001187,37.19889883001187,145.29999999998836,,,False,False,False,NO SIGNAL
2026-09-28 10:00:00,2026-09-28 10:15:00,2026-09-29 10:50:38,B-BTC_USDT,15m,83484.58,83526.01,83435.7,83500.01,65.80445,15.429999999993017,90.30999999999769,0.1708559406488031,17.08559406488031,90.30999999999769,,,False,False,False,NO SIGNAL
2026-09-28 10:15:00,2026-09-28 10:30:00,2026-09-29 11:09:47,B-BTC_USDT,15m,83500.0,83511.57,83436.58,83490.21,151.32618,9.789999999993595,74.99000000000524,0.1305507400985853,13.055074009858531,74.99000000000524,,,False,False,False,NO SIGNAL
2026-09-28 10:30:00,2026-09-28 10:45:00,2026-09-29 11:26:06,B-BTC_USDT,15m,83490.2,83534.01,83251.25,83335.38,269.74469,154.81999999999243,282.7599999999948,0.5475314754562006,54.75314754562006,282.7599999999948,,,False,False,False,NO SIGNAL
2026-09-28 10:45:00,2026-09-28 11:00:00,2026-09-29 11:26:06,B-BTC_USDT,15m,83335.38,83354.34,83026.17,83066.98,353.52121,268.4000000000088,328.16999999999825,0.8178687875186951,81.78687875186951,328.16999999999825,,,False,True,False,NO SIGNAL
2026-09-28 11:00:00,2026-09-28 11:15:00,2026-09-29 11:53:24,B-BTC_USDT,15m,83066.98,83150.01,82705.02,83140.66,583.51755,73.68000000000757,444.9899999999907,0.1655767545338302,16.55767545338302,444.9899999999907,,,False,False,False,NO SIGNAL
2026-09-28 11:15:00,2026-09-28 11:30:00,2026-09-29 11:53:24,B-BTC_USDT,15m,83140.67,83198.01,83052.0,83184.01,238.93071,43.33999999999651,146.00999999999476,0.2968289843161295,29.682898431612948,146.00999999999476,,,False,False,False,NO SIGNAL
2026-09-28 11:30:00,2026-09-28 11:45:00,2026-09-29 12:17:45,B-BTC_USDT,15m,83184.0,83295.84,83140.92,83247.35,176.26333,63.35000000000582,154.91999999999825,0.4089207332817359,40.89207332817359,154.91999999999825,,,False,False,False,NO SIGNAL
2026-09-28 11:45:00,2026-09-28 12:00:00,2026-09-29 12:33:50,B-BTC_USDT,15m,83247.34,83254.01,83057.75,83062.0,152.35209,185.3399999999965,196.2599999999948,0.9443595230816338,94.43595230816338,196.2599999999948,,,False,True,False,NO SIGNAL
2026-09-28 12:00:00,2026-09-28 12:15:00,2026-09-29 12:56:26,B-BTC_USDT,15m,83062.0,83218.01,83046.0,83186.95,117.69723,124.94999999999708,172.00999999999476,0.7264112551595889,72.64112551595889,172.00999999999476,,,False,True,False,NO SIGNAL
2026-09-28 12:15:00,2026-09-28 12:30:00,2026-09-29 12:56:26,B-BTC_USDT,15m,83186.94,83233.28,83122.16,83164.78,188.00814,22.16000000000349,111.11999999999534,0.1994240460763537,19.94240460763537,111.11999999999534,,,False,False,False,NO SIGNAL
2026-09-28 12:30:00,2026-09-28 12:45:00,2026-09-29 13:17:17,B-BTC_USDT,15m,83164.78,83291.66,83058.59,83086.0,187.93502,78.77999999999884,233.07000000000696,0.3380100399021601,33.80100399021601,233.07000000000696,,,False,False,False,NO SIGNAL
2026-09-28 12:45:00,2026-09-28 13:00:00,2026-09-29 13:32:36,B-BTC_USDT,15m,83086.01,83158.01,82938.98,82942.01,264.00193,144.0,219.02999999999884,0.6574441857279859,65.7444185727986,219.02999999999884,,,False,True,False,NO SIGNAL
2026-09-28 13:00:00,2026-09-28 13:15:00,2026-09-29 13:56:09,B-BTC_USDT,15m,82942.01,83057.85,82920.0,82944.71,386.40401,2.700000000011641,137.85000000000582,0.0195865070729889,1.95865070729889,137.85000000000582,,,False,False,False,NO SIGNAL
2026-09-28 13:15:00,2026-09-28 13:30:00,2026-09-29 13:56:09,B-BTC_USDT,15m,82944.71,83130.01,82934.0,82966.01,296.1902,21.29999999998836,196.0099999999948,0.1086679251058054,10.86679251058054,196.0099999999948,,,False,False,False,NO SIGNAL
2026-09-28 13:30:00,2026-09-28 13:45:00,2026-09-29 14:18:19,B-BTC_USDT,15m,82966.0,83160.33,82924.01,83040.06,588.2443,74.05999999999767,236.32000000000696,0.3133886255923979,31.33886255923979,236.32000000000696,,,False,False,False,NO SIGNAL
2026-09-28 13:45:00,2026-09-28 14:00:00,2026-09-29 14:33:16,B-BTC_USDT,15m,83040.06,83069.72,82824.12,82844.01,674.29891,196.0500000000029,245.60000000000585,0.7982491856677454,79.82491856677454,245.60000000000585,,,False,True,False,NO SIGNAL
2026-09-28 14:00:00,2026-09-28 14:15:00,2026-09-29 14:55:57,B-BTC_USDT,15m,82844.01,82972.01,82784.0,82922.0,306.01021,77.99000000000524,188.0099999999948,0.4148183607255327,41.48183607255327,188.0099999999948,,,False,False,False,NO SIGNAL
2026-09-28 14:15:00,2026-09-28 14:30:00,2026-09-29 14:55:57,B-BTC_USDT,15m,82922.0,83030.01,82910.0,82962.0,425.96279,40.0,120.00999999999476,0.333305557870192,33.3305557870192,120.00999999999476,,,False,False,False,NO SIGNAL
2026-09-28 14:30:00,2026-09-28 14:45:00,2026-09-29 15:18:18,B-BTC_USDT,15m,82962.01,83003.67,82613.13,82879.11,389.46542,82.89999999999418,390.5399999999936,0.2122701899933311,21.22701899933311,390.5399999999936,,,False,False,False,NO SIGNAL
2026-09-28 14:45:00,2026-09-28 15:00:00,2026-09-29 15:32:52,B-BTC_USDT,15m,82879.11,82969.98,82751.81,82818.01,374.50146,61.10000000000582,218.16999999999825,0.2800568364120012,28.005683641200118,218.16999999999825,,,False,False,False,NO SIGNAL
2026-09-28 15:00:00,2026-09-28 15:15:00,2026-09-29 15:55:41,B-BTC_USDT,15m,82818.0,82844.32,82597.55,82626.01,221.94976,191.99000000000524,246.77000000000407,0.7780119139279574,77.80119139279574,246.77000000000407,,,False,True,False,NO SIGNAL
2026-09-28 15:15:00,2026-09-28 15:30:00,2026-09-29 15:55:41,B-BTC_USDT,15m,82626.0,82780.01,82613.71,82666.01,179.13239,40.00999999999476,166.29999999998836,0.2405892964521801,24.05892964521801,166.29999999998836,,,False,False,False,NO SIGNAL
2026-09-28 15:30:00,2026-09-28 15:45:00,2026-09-29 16:17:26,B-BTC_USDT,15m,82666.01,82868.41,82666.01,82762.04,181.88889,96.02999999999884,202.4000000000088,0.4744565217391042,47.44565217391042,202.4000000000088,,,False,False,False,NO SIGNAL
2026-09-28 15:45:00,2026-09-28 16:00:00,2026-09-29 16:31:13,B-BTC_USDT,15m,82762.03,82850.0,82734.19,82816.93,139.20977,54.89999999999418,115.80999999999769,0.4740523270874301,47.405232708743014,115.80999999999769,,,False,False,False,NO SIGNAL
2026-09-28 16:00:00,2026-09-28 16:15:00,2026-09-29 16:52:33,B-BTC_USDT,15m,82816.94,82958.18,82773.91,82950.0,116.56718,133.05999999999767,184.26999999998952,0.722092581537989,72.2092581537989,184.26999999998952,,,False,True,False,NO SIGNAL
2026-09-28 16:15:00,2026-09-28 16:30:00,2026-09-29 17:11:38,B-BTC_USDT,15m,82950.0,83064.51,82862.0,82960.0,367.15672,10.0,202.5099999999948,0.0493802775171609,4.93802775171609,202.5099999999948,,,False,False,False,NO SIGNAL
2026-09-28 16:30:00,2026-09-28 16:45:00,2026-09-29 17:28:16,B-BTC_USDT,15m,82960.01,83055.65,82960.0,82994.01,185.44465,34.0,95.64999999999418,0.3554626241505705,35.54626241505705,95.64999999999418,,,False,False,False,NO SIGNAL
2026-09-28 16:45:00,2026-09-28 17:00:00,2026-09-29 17:28:16,B-BTC_USDT,15m,82994.01,83078.24,82969.97,83021.05,225.76978,27.04000000000815,108.27000000000407,0.2497460053570438,24.97460053570438,108.27000000000407,,,False,False,False,NO SIGNAL
2026-09-28 17:00:00,2026-09-28 17:15:00,2026-09-29 17:56:36,B-BTC_USDT,15m,83021.05,83111.0,82982.53,83069.98,277.59028,48.929999999993015,128.47000000000116,0.3808671285124353,38.08671285124353,128.47000000000116,,,False,False,False,NO SIGNAL
2026-09-28 17:15:00,2026-09-28 17:30:00,2026-09-29 17:56:36,B-BTC_USDT,15m,83069.98,83086.0,82981.08,83082.54,147.07711,12.559999999997672,104.91999999999824,0.1197102554326904,11.97102554326904,104.91999999999824,,,False,False,False,NO SIGNAL
2026-09-28 17:30:00,2026-09-28 17:45:00,2026-09-29 18:22:29,B-BTC_USDT,15m,83082.53,83500.0,83011.48,83383.9,423.32661,301.36999999999534,488.5200000000041,0.6169041185621732,61.69041185621732,488.5200000000041,,,False,True,False,NO SIGNAL
2026-09-28 17:45:00,2026-09-28 18:00:00,2026-09-29 18:43:14,B-BTC_USDT,15m,83383.9,83466.15,83278.24,83369.7,238.87237,14.19999999999709,187.9099999999889,0.075568091107434,7.5568091107434,187.9099999999889,,,False,False,False,NO SIGNAL
2026-09-28 18:00:00,2026-09-28 18:15:00,2026-09-29 18:43:14,B-BTC_USDT,15m,83369.7,83430.01,83270.26,83340.91,196.74791,28.7899999999936,159.75,0.1802190923317283,18.02190923317283,159.75,,,False,False,False,NO SIGNAL
2026-09-28 18:15:00,2026-09-28 18:30:00,2026-09-29 19:07:10,B-BTC_USDT,15m,83340.92,83631.43,83340.92,83579.75,351.65676,238.8300000000017,290.5099999999948,0.8221059516023753,82.21059516023753,290.5099999999948,,,False,True,False,NO SIGNAL
2026-09-28 18:30:00,2026-09-28 18:45:00,2026-09-29 19:26:45,B-BTC_USDT,15m,83579.75,83579.76,83310.71,83406.2,149.78318,173.5500000000029,269.0499999999884,0.6450473889611984,64.50473889611985,269.0499999999884,,,False,True,False,NO SIGNAL
2026-09-28 18:45:00,2026-09-28 19:00:00,2026-09-29 19:26:45,B-BTC_USDT,15m,83406.19,83567.48,83360.0,83567.47,172.74748,161.27999999999884,207.47999999999595,0.7773279352226817,77.73279352226817,207.47999999999595,,,False,True,False,NO SIGNAL
2026-09-28 19:00:00,2026-09-28 19:15:00,2026-09-29 19:50:16,B-BTC_USDT,15m,83567.48,83816.95,83388.03,83741.62,550.59528,174.13999999999942,428.9199999999983,0.4059964562156116,40.59964562156116,428.9199999999983,,,False,False,False,NO SIGNAL
2026-09-28 19:15:00,2026-09-28 19:30:00,2026-09-29 20:10:47,B-BTC_USDT,15m,83741.62,83820.0,83480.0,83641.99,303.07555,99.6299999999901,340.0,0.2930294117646768,29.302941176467677,340.0,,,False,False,False,NO SIGNAL
2026-09-28 19:30:00,2026-09-28 19:45:00,2026-09-29 20:30:02,B-BTC_USDT,15m,83641.99,83642.0,83326.0,83401.65,274.34465,240.34000000001103,316.0,0.7605696202531995,76.05696202531995,316.0,,,False,True,False,NO SIGNAL
2026-09-28 19:45:00,2026-09-28 20:00:00,2026-09-29 20:30:02,B-BTC_USDT,15m,83401.65,83609.42,83100.0,83244.0,286.16611,157.64999999999418,509.4199999999983,0.3094695928703127,30.946959287031273,509.4199999999983,,,False,False,False,NO SIGNAL
2026-09-28 20:00:00,2026-09-28 20:15:00,2026-09-29 20:54:25,B-BTC_USDT,15m,83244.0,83480.01,82856.0,82948.33,457.19772,295.66999999999825,624.0099999999948,0.4738225348952753,47.38225348952753,624.0099999999948,,,False,False,False,NO SIGNAL
2026-09-28 20:15:00,2026-09-28 20:30:00,2026-09-29 20:54:25,B-BTC_USDT,15m,82948.33,83066.01,82563.0,83020.0,478.9755,71.66999999999825,503.0099999999948,0.1424822568139778,14.24822568139778,503.0099999999948,,,False,False,False,NO SIGNAL
2026-09-28 20:30:00,2026-09-28 20:45:00,2026-09-29 21:15:52,B-BTC_USDT,15m,83020.01,83266.19,82929.0,82956.86,381.98987,63.14999999999418,337.1900000000023,0.1872831341380045,18.72831341380045,337.1900000000023,,,False,False,False,NO SIGNAL
2026-09-28 20:45:00,2026-09-28 21:00:00,2026-09-29 21:31:42,B-BTC_USDT,15m,82956.87,83126.01,82792.0,83068.0,594.28668,111.13000000000466,334.0099999999948,0.3327145893835705,33.27145893835705,334.0099999999948,,,False,False,False,NO SIGNAL
2026-09-28 21:00:00,2026-09-28 21:15:00,2026-09-29 21:56:25,B-BTC_USDT,15m,83068.0,83365.23,83020.0,83211.33,249.99024,143.33000000000175,345.2299999999959,0.4151724936998622,41.51724936998622,345.2299999999959,,,False,False,False,NO SIGNAL
2026-09-28 21:15:00,2026-09-28 21:30:00,2026-09-29 21:56:25,B-BTC_USDT,15m,83211.33,83397.18,83211.32,83370.0,184.80004,158.66999999999825,185.85999999998603,0.8537070913591422,85.37070913591423,185.85999999998603,,,False,True,False,NO SIGNAL
2026-09-28 21:30:00,2026-09-28 21:45:00,2026-09-29 22:19:11,B-BTC_USDT,15m,83370.0,83480.01,83256.0,83420.93,180.51197,50.929999999993015,224.0099999999948,0.2273559216106165,22.73559216106165,224.0099999999948,,,False,False,False,NO SIGNAL
2026-09-28 21:45:00,2026-09-28 22:00:00,2026-09-29 22:33:53,B-BTC_USDT,15m,83420.92,84188.9,83378.0,84012.01,471.59087,591.0899999999965,810.8999999999942,0.7289308176100638,72.89308176100639,810.8999999999942,,,False,True,False,NO SIGNAL
2026-09-28 22:00:00,2026-09-28 22:15:00,2026-09-29 22:54:22,B-BTC_USDT,15m,84012.01,84114.26,83678.13,83724.0,263.11312,288.0099999999948,436.1299999999901,0.6603764932474292,66.03764932474292,436.1299999999901,,,False,True,False,NO SIGNAL
2026-09-28 22:15:00,2026-09-28 22:30:00,2026-09-29 23:14:32,B-BTC_USDT,15m,83724.0,83776.01,83580.28,83723.1,192.50295,0.8999999999941792,195.72999999999595,0.0045981709497481,0.45981709497481,195.72999999999595,,,False,False,False,NO SIGNAL
2026-09-28 22:30:00,2026-09-28 22:45:00,2026-09-29 23:14:32,B-BTC_USDT,15m,83723.1,84250.0,83563.11,84249.99,342.37716,526.8899999999994,686.8899999999994,0.7670660513328187,76.70660513328187,686.8899999999994,,,False,True,False,NO SIGNAL
2026-09-28 22:45:00,2026-09-28 23:00:00,2026-09-29 23:31:11,B-BTC_USDT,15m,84249.99,84381.3,83880.0,83905.01,288.39402,344.9800000000105,501.3000000000029,0.6881707560343276,68.81707560343277,501.3000000000029,,,False,True,False,NO SIGNAL
2026-09-28 23:00:00,2026-09-28 23:15:00,2026-09-29 23:57:11,B-BTC_USDT,15m,83905.01,84026.01,83852.0,84014.99,96.00302,109.98000000001048,174.00999999999476,0.6320326418022745,63.20326418022745,174.00999999999476,,,False,True,False,NO SIGNAL
2026-09-28 23:15:00,2026-09-28 23:30:00,2026-09-29 23:57:11,B-BTC_USDT,15m,84014.98,84054.01,83842.01,83880.33,84.27982,134.64999999999418,212.0,0.6351415094339348,63.514150943393474,212.0,,,False,True,False,NO SIGNAL
2026-09-28 23:30:00,2026-09-28 23:45:00,2026-09-30 00:20:40,B-BTC_USDT,15m,83880.34,83974.01,83846.94,83972.15,72.81954,91.80999999999769,127.06999999999243,0.7225151491304252,72.25151491304253,127.06999999999243,,,False,True,False,NO SIGNAL
2026-09-28 23:45:00,2026-09-29 00:00:00,2026-09-30 00:37:25,B-BTC_USDT,15m,83972.15,84000.0,83899.37,83938.36,48.11504,33.7899999999936,100.63000000000466,0.3357845572889996,33.57845572889996,100.63000000000466,,,False,False,False,NO SIGNAL
2026-09-29 00:00:00,2026-09-29 00:15:00,2026-09-30 00:59:09,B-BTC_USDT,15m,83938.35,83954.89,83800.0,83869.49,72.23523,68.86000000000058,154.88999999999942,0.4445735683388265,44.45735683388265,154.88999999999942,,,False,False,False,NO SIGNAL
2026-09-29 00:15:00,2026-09-29 00:30:00,2026-09-30 00:59:09,B-BTC_USDT,15m,83869.49,84045.23,83810.35,84041.19,238.0464,171.6999999999971,234.8799999999901,0.7310115803814898,73.10115803814898,234.8799999999901,,,False,True,False,NO SIGNAL
2026-09-29 00:30:00,2026-09-29 00:45:00,2026-09-30 01:17:26,B-BTC_USDT,15m,84041.19,84045.23,83658.05,83727.59,101.47908,313.6000000000058,387.179999999993,0.80995919210706,80.995919210706,387.179999999993,,,False,True,False,NO SIGNAL
2026-09-29 00:45:00,2026-09-29 01:00:00,2026-09-30 01:31:47,B-BTC_USDT,15m,83727.59,83737.5,83634.09,83638.0,81.9576,89.58999999999651,103.41000000000348,0.8663572188375736,86.63572188375736,103.41000000000348,,,False,True,False,NO SIGNAL
2026-09-29 01:00:00,2026-09-29 01:15:00,2026-09-30 01:54:32,B-BTC_USDT,15m,83638.01,83652.84,83118.1,83320.53,239.38628,317.4799999999959,534.7399999999907,0.5937090922691428,59.37090922691428,534.7399999999907,,,False,False,False,NO SIGNAL
2026-09-29 01:15:00,2026-09-29 01:30:00,2026-09-30 02:14:06,B-BTC_USDT,15m,83320.53,83424.0,83274.0,83389.54,88.10304,69.00999999999476,150.0,0.4600666666666317,46.00666666666317,150.0,,,False,False,False,NO SIGNAL
2026-09-29 01:30:00,2026-09-29 01:45:00,2026-09-30 02:28:49,B-BTC_USDT,15m,83389.53,83613.8,83270.0,83570.53,125.03477,181.0,343.8000000000029,0.5264688772542131,52.64688772542131,343.8000000000029,,,False,False,False,NO SIGNAL
2026-09-29 01:45:00,2026-09-29 02:00:00,2026-09-30 02:28:49,B-BTC_USDT,15m,83570.53,83570.53,83472.93,83492.0,79.88324,78.52999999999884,97.60000000000582,0.804610655737645,80.4610655737645,97.60000000000582,,,False,True,False,NO SIGNAL
2026-09-29 02:00:00,2026-09-29 02:15:00,2026-09-30 02:50:30,B-BTC_USDT,15m,83492.01,83581.51,83468.0,83500.01,35.59472,8.0,113.50999999999476,0.0704783719496112,7.04783719496112,113.50999999999476,,,False,False,False,NO SIGNAL
2026-09-29 02:15:00,2026-09-29 02:30:00,2026-09-30 03:08:34,B-BTC_USDT,15m,83500.0,83548.01,83442.0,83548.0,40.69567,48.0,106.00999999999476,0.4527874728799393,45.27874728799393,106.00999999999476,,,False,False,False,NO SIGNAL
2026-09-29 02:30:00,2026-09-29 02:45:00,2026-09-30 03:24:27,B-BTC_USDT,15m,83548.01,83664.01,83548.0,83586.0,53.27058,37.99000000000524,116.00999999999476,0.3274717696750879,32.74717696750879,116.00999999999476,,,False,False,False,NO SIGNAL
2026-09-29 02:45:00,2026-09-29 03:00:00,2026-09-30 03:44:09,B-BTC_USDT,15m,83586.01,83586.01,83458.0,83468.31,38.01081,117.69999999999708,128.00999999999476,0.9194594172330436,91.94594172330436,128.00999999999476,,,False,True,False,NO SIGNAL
2026-09-29 03:00:00,2026-09-29 03:15:00,2026-09-30 03:44:09,B-BTC_USDT,15m,83468.32,83475.48,83400.0,83427.64,44.90204,40.68000000000757,75.47999999999593,0.538950715421433,53.8950715421433,75.47999999999593,,,False,False,False,NO SIGNAL
2026-09-29 03:15:00,2026-09-29 03:30:00,2026-09-30 04:03:01,B-BTC_USDT,15m,83427.64,83439.38,83214.0,83218.01,76.44152,209.63000000000463,225.38000000000463,0.9301180228946684,93.01180228946684,225.38000000000463,,,False,True,False,NO SIGNAL
2026-09-29 03:30:00,2026-09-29 03:45:00,2026-09-30 04:18:57,B-BTC_USDT,15m,83218.01,83236.01,83100.0,83181.98,135.54591,36.02999999999884,136.00999999999476,0.264906992132933,26.4906992132933,136.00999999999476,,,False,False,False,NO SIGNAL
2026-09-29 03:45:00,2026-09-29 04:00:00,2026-09-30 04:32:31,B-BTC_USDT,15m,83181.98,83242.4,83158.0,83236.0,32.34691,54.02000000000408,84.39999999999418,0.6400473933650214,64.00473933650214,84.39999999999418,,,False,True,False,NO SIGNAL
2026-09-29 04:00:00,2026-09-29 04:15:00,2026-09-30 04:51:01,B-BTC_USDT,15m,83236.01,83488.64,83236.0,83488.64,36.28207,252.63000000000463,252.63999999999945,0.9999604179860878,99.99604179860879,252.63999999999945,,,False,True,False,NO SIGNAL
2026-09-29 04:15:00,2026-09-29 04:30:00,2026-09-30 05:07:10,B-BTC_USDT,15m,83488.63,83544.01,83486.86,83544.01,62.08517,55.379999999990105,57.14999999999418,0.9690288713910016,96.90288713910016,57.14999999999418,,,False,True,False,NO SIGNAL
2026-09-29 04:30:00,2026-09-29 04:45:00,2026-09-30 05:22:26,B-BTC_USDT,15m,83544.01,83636.7,83455.0,83455.0,66.12421,89.00999999999476,181.6999999999971,0.489873417721498,48.9873417721498,181.6999999999971,,,False,False,False,NO SIGNAL
2026-09-29 04:45:00,2026-09-29 05:00:00,2026-09-30 05:44:26,B-BTC_USDT,15m,83455.01,83590.01,83455.0,83590.0,43.24584,134.99000000000524,135.00999999999476,0.9998518628250536,99.98518628250535,135.00999999999476,,,False,True,False,NO SIGNAL
2026-09-29 05:00:00,2026-09-29 05:15:00,2026-09-30 05:44:26,B-BTC_USDT,15m,83590.01,83621.8,83583.3,83602.85,32.29856,12.84000000001106,38.5,0.3335064935067807,33.35064935067807,38.5,,,False,False,False,NO SIGNAL
2026-09-29 05:15:00,2026-09-29 05:30:00,2026-09-30 06:13:13,B-BTC_USDT,15m,83602.84,83602.85,83500.0,83500.01,36.06589,102.83000000000176,102.85000000000582,0.9998055420514916,99.98055420514916,102.85000000000582,,,False,True,False,NO SIGNAL
2026-09-29 05:30:00,2026-09-29 05:45:00,2026-09-30 06:13:13,B-BTC_USDT,15m,83500.01,83544.01,83462.0,83525.65,73.50721,25.63999999999941,82.00999999999476,0.3126447994147184,31.26447994147184,82.00999999999476,,,False,False,False,NO SIGNAL
2026-09-29 05:45:00,2026-09-29 06:00:00,2026-09-30 06:32:36,B-BTC_USDT,15m,83525.66,83558.01,83350.0,83549.04,172.3247,23.379999999990105,208.0099999999948,0.112398442382533,11.239844238253301,208.0099999999948,,,False,False,False,NO SIGNAL
2026-09-29 06:00:00,2026-09-29 06:15:00,2026-09-30 06:54:21,B-BTC_USDT,15m,83549.05,83620.01,83468.0,83532.0,197.99732,17.05000000000291,152.00999999999476,0.1121636734425596,11.21636734425596,152.00999999999476,,,False,False,False,NO SIGNAL
2026-09-29 06:15:00,2026-09-29 06:30:00,2026-09-30 07:14:02,B-BTC_USDT,15m,83532.0,83532.01,83183.0,83185.69,99.52702,346.3099999999977,349.0099999999948,0.9922638319818998,99.22638319818998,349.0099999999948,,,False,True,False,NO SIGNAL
2026-09-29 06:30:00,2026-09-29 06:45:00,2026-09-30 07:30:02,B-BTC_USDT,15m,83185.69,83241.99,82991.2,83035.72,225.11149,149.97000000000116,250.7900000000081,0.5979903504924291,59.79903504924291,250.7900000000081,,,False,False,False,NO SIGNAL
2026-09-29 06:45:00,2026-09-29 07:00:00,2026-09-30 07:30:02,B-BTC_USDT,15m,83035.72,83054.01,82827.72,82827.73,197.38236,207.99000000000524,226.2899999999936,0.9191303195015738,91.91303195015738,226.2899999999936,,,False,True,False,NO SIGNAL
2026-09-29 07:00:00,2026-09-29 07:15:00,2026-09-30 07:51:03,B-BTC_USDT,15m,82827.73,83009.64,82775.94,82968.55,171.69416,140.82000000000698,233.6999999999971,0.602567394095031,60.256739409503105,233.6999999999971,,,False,True,False,NO SIGNAL
2026-09-29 07:15:00,2026-09-29 07:30:00,2026-09-30 08:10:22,B-BTC_USDT,15m,82968.54,83115.35,82910.89,83068.0,160.95294,99.4600000000064,204.4600000000064,0.4864521177736637,48.64521177736637,204.4600000000064,,,False,False,False,NO SIGNAL
2026-09-29 07:30:00,2026-09-29 07:45:00,2026-09-30 08:26:59,B-BTC_USDT,15m,83068.01,83100.0,82914.16,83020.1,152.99171,47.90999999998894,185.8399999999965,0.2578024106757955,25.780241067579553,185.8399999999965,,,False,False,False,NO SIGNAL
2026-09-29 07:45:00,2026-09-29 08:00:00,2026-09-30 08:26:59,B-BTC_USDT,15m,83020.1,83156.01,82914.83,82975.59,83.88488,44.51000000000931,241.17999999999304,0.1845509577909055,18.45509577909055,241.17999999999304,,,False,False,False,NO SIGNAL
2026-09-29 08:00:00,2026-09-29 08:15:00,2026-09-30 08:50:07,B-BTC_USDT,15m,82975.59,83036.32,82891.32,83034.3,94.11906,58.7100000000064,145.0,0.4048965517241821,40.48965517241821,145.0,,,False,False,False,NO SIGNAL
2026-09-29 08:15:00,2026-09-29 08:30:00,2026-09-30 09:10:24,B-BTC_USDT,15m,83034.3,83112.01,82903.42,82967.4,119.36415,66.90000000000873,208.5899999999965,0.3207248669639477,32.07248669639477,208.5899999999965,,,False,False,False,NO SIGNAL
2026-09-29 08:30:00,2026-09-29 08:45:00,2026-09-30 09:27:23,B-BTC_USDT,15m,82967.41,83048.89,82895.42,82895.43,61.5356,71.98000000001048,153.47000000000116,0.4690167459438973,46.90167459438973,153.47000000000116,,,False,False,False,NO SIGNAL
2026-09-29 08:45:00,2026-09-29 09:00:00,2026-09-30 09:27:23,B-BTC_USDT,15m,82895.43,83210.01,82866.01,83210.01,107.04598,314.58000000000175,344.0,0.9144767441860516,91.44767441860516,344.0,,,False,True,False,NO SIGNAL
2026-09-29 09:00:00,2026-09-29 09:15:00,2026-09-30 09:51:21,B-BTC_USDT,15m,83210.0,83210.01,83114.94,83123.14,56.00996,86.86000000000058,95.06999999999243,0.9136425791522824,91.36425791522824,95.06999999999243,,,False,True,False,NO SIGNAL
2026-09-29 09:15:00,2026-09-29 09:30:00,2026-09-30 10:11:24,B-BTC_USDT,15m,83123.14,83172.16,83044.79,83069.99,84.24076,53.14999999999418,127.3700000000099,0.4172882154352677,41.72882154352677,127.3700000000099,,,False,False,False,NO SIGNAL
2026-09-29 09:30:00,2026-09-29 09:45:00,2026-09-30 10:28:09,B-BTC_USDT,15m,83070.0,83158.01,83024.43,83128.02,67.29581,58.02000000000408,133.58000000000175,0.4343464590507809,43.43464590507809,133.58000000000175,,,False,False,False,NO SIGNAL
2026-09-29 09:45:00,2026-09-29 10:00:00,2026-09-30 10:28:09,B-BTC_USDT,15m,83128.02,83295.61,83128.01,83226.0,83.40296,97.97999999999593,167.60000000000582,0.5846062052505521,58.460620525055205,167.60000000000582,,,False,False,False,NO SIGNAL
2026-09-29 10:00:00,2026-09-29 10:15:00,2026-09-30 10:51:14,B-BTC_USDT,15m,83226.01,83226.01,83108.98,83163.83,75.14252,62.179999999993015,117.02999999999884,0.5313167563871968,53.13167563871968,117.02999999999884,,,False,False,False,NO SIGNAL
2026-09-29 10:15:00,2026-09-29 10:30:00,2026-09-30 11:10:36,B-BTC_USDT,15m,83163.84,83215.96,83078.64,83212.98,124.53207,49.13999999999942,137.32000000000698,0.3578502767258733,35.785027672587326,137.32000000000698,,,False,False,False,NO SIGNAL
2026-09-29 10:30:00,2026-09-29 10:45:00,2026-09-30 11:27:06,B-BTC_USDT,15m,83212.98,83262.52,83178.0,83260.0,57.41994,47.02000000000408,84.52000000000407,0.5563180312352319,55.63180312352319,84.52000000000407,,,False,False,False,NO SIGNAL
2026-09-29 10:45:00,2026-09-29 11:00:00,2026-09-30 11:27:06,B-BTC_USDT,15m,83260.0,83344.01,83228.0,83316.01,77.17616,56.00999999999476,116.00999999999476,0.4828032066200956,48.280320662009565,116.00999999999476,,,False,False,False,NO SIGNAL
2026-09-29 11:00:00,2026-09-29 11:15:00,2026-09-30 11:55:06,B-BTC_USDT,15m,83316.01,83326.01,82971.1,83298.01,127.11433,18.0,354.90999999998894,0.0507170832041941,5.07170832041941,354.90999999998894,,,False,False,False,NO SIGNAL
2026-09-29 11:15:00,2026-09-29 11:30:00,2026-09-30 11:55:06,B-BTC_USDT,15m,83298.01,83434.56,83215.49,83431.02,97.44766,133.0100000000093,219.06999999999243,0.6071575295568261,60.71575295568261,219.06999999999243,,,False,True,False,NO SIGNAL
2026-09-29 11:30:00,2026-09-29 11:45:00,2026-09-30 12:20:03,B-BTC_USDT,15m,83431.01,83892.89,83420.01,83892.89,250.25213,461.8800000000047,472.8800000000047,0.9767382845542212,97.67382845542213,472.8800000000047,,,False,True,False,NO SIGNAL
2026-09-29 11:45:00,2026-09-29 12:00:00,2026-09-30 12:38:02,B-BTC_USDT,15m,83892.88,83895.0,83746.0,83881.93,134.78366,10.950000000011642,149.0,0.0734899328859841,7.34899328859841,149.0,,,False,False,False,NO SIGNAL
2026-09-29 12:00:00,2026-09-29 12:15:00,2026-09-30 12:38:02,B-BTC_USDT,15m,83881.93,83955.17,83844.79,83899.91,137.99794,17.980000000010477,110.38000000000466,0.1628918282298398,16.28918282298398,110.38000000000466,,,False,False,False,NO SIGNAL
2026-09-29 12:15:00,2026-09-29 12:30:00,2026-09-30 13:01:39,B-BTC_USDT,15m,83899.91,84017.74,83862.76,84007.06,134.41491,107.14999999999418,154.98000000001048,0.6913795328428631,69.13795328428631,154.98000000001048,,,False,True,False,NO SIGNAL
2026-09-29 12:30:00,2026-09-29 12:45:00,2026-09-30 13:21:41,B-BTC_USDT,15m,84007.07,84046.72,83873.74,83987.4,116.65054,19.67000000001281,172.97999999999593,0.1137125679270046,11.37125679270046,172.97999999999593,,,False,False,False,NO SIGNAL
2026-09-29 12:45:00,2026-09-29 13:00:00,2026-09-30 13:40:58,B-BTC_USDT,15m,83987.39,84070.0,83923.62,83996.22,149.92036,8.830000000001746,146.38000000000466,0.0603224484219255,6.03224484219255,146.38000000000466,,,False,False,False,NO SIGNAL
2026-09-29 13:00:00,2026-09-29 13:15:00,2026-09-30 13:40:58,B-BTC_USDT,15m,83996.21,84200.0,83963.04,84017.64,179.78931,21.42999999999301,236.9600000000064,0.0904372045914603,9.04372045914603,236.9600000000064,,,False,False,False,NO SIGNAL
2026-09-29 13:15:00,2026-09-29 13:30:00,2026-09-30 14:05:13,B-BTC_USDT,15m,84017.64,84064.96,83954.37,83980.97,168.04293,36.669999999998254,110.59000000001106,0.3315851342797232,33.158513427972316,110.59000000001106,,,False,False,False,NO SIGNAL
2026-09-29 13:30:00,2026-09-29 13:45:00,2026-09-30 14:24:20,B-BTC_USDT,15m,83980.97,84086.22,83978.73,84044.75,132.90875,63.77999999999884,107.49000000000524,0.5933575216298793,59.33575216298793,107.49000000000524,,,False,False,False,NO SIGNAL
2026-09-29 13:45:00,2026-09-29 14:00:00,2026-09-30 14:44:40,B-BTC_USDT,15m,84044.76,84368.01,84044.75,84166.93,221.56938,122.16999999999824,323.2599999999948,0.3779310771515196,37.793107715151955,323.2599999999948,,,False,False,False,NO SIGNAL
2026-09-29 14:00:00,2026-09-29 14:15:00,2026-09-30 14:44:40,B-BTC_USDT,15m,84166.93,84166.94,83844.0,83856.01,189.59793,310.91999999999825,322.9400000000023,0.9627794636774508,96.27794636774509,322.9400000000023,,,False,True,False,NO SIGNAL
2026-09-29 14:15:00,2026-09-29 14:30:00,2026-09-30 15:06:11,B-BTC_USDT,15m,83856.01,83882.01,83800.0,83874.01,106.60305,18.0,82.00999999999476,0.2194854286062815,21.94854286062815,82.00999999999476,,,False,False,False,NO SIGNAL
2026-09-29 14:30:00,2026-09-29 14:45:00,2026-09-30 15:25:40,B-BTC_USDT,15m,83874.01,83878.01,83762.0,83782.0,141.50605,92.00999999999476,116.00999999999476,0.7931212826480383,79.31212826480383,116.00999999999476,,,False,True,False,NO SIGNAL
2026-09-29 14:45:00,2026-09-29 15:00:00,2026-09-30 15:25:40,B-BTC_USDT,15m,83782.01,83916.01,83760.4,83849.55,144.94643,67.54000000000815,155.61000000000058,0.4340338024549058,43.40338024549058,155.61000000000058,,,False,False,False,NO SIGNAL
2026-09-29 15:00:00,2026-09-29 15:15:00,2026-09-30 15:49:05,B-BTC_USDT,15m,83849.54,84000.0,83834.01,84000.0,75.27514,150.4600000000064,165.99000000000524,0.906440146996817,90.64401469968169,165.99000000000524,,,False,True,False,NO SIGNAL
2026-09-29 15:15:00,2026-09-29 15:30:00,2026-09-30 16:09:02,B-BTC_USDT,15m,84000.0,84328.94,83992.8,84258.01,521.67048,258.0099999999948,336.1399999999994,0.7675670851430809,76.75670851430809,336.1399999999994,,,False,True,False,NO SIGNAL
2026-09-29 15:30:00,2026-09-29 15:45:00,2026-09-30 16:26:57,B-BTC_USDT,15m,84258.01,84332.76,84165.58,84208.52,256.4841,49.48999999999069,167.17999999999302,0.2960282330421866,29.60282330421866,167.17999999999302,,,False,False,False,NO SIGNAL
2026-09-29 15:45:00,2026-09-29 16:00:00,2026-09-30 16:26:57,B-BTC_USDT,15m,84208.51,84219.03,84068.0,84150.0,87.07579,58.50999999999476,151.02999999999884,0.3874064755346303,38.740647553463035,151.02999999999884,,,False,False,False,NO SIGNAL
2026-09-29 16:00:00,2026-09-29 16:15:00,2026-09-30 16:49:04,B-BTC_USDT,15m,84150.01,84159.0,84000.0,84018.01,97.10255,132.0,159.0,0.8301886792452831,83.01886792452831,159.0,,,False,True,False,NO SIGNAL
2026-09-29 16:15:00,2026-09-29 16:30:00,2026-09-30 17:06:15,B-BTC_USDT,15m,84018.0,84076.49,83987.99,84030.49,68.8445,12.49000000000524,88.5,0.141129943502884,14.1129943502884,88.5,,,False,False,False,NO SIGNAL
2026-09-29 16:30:00,2026-09-29 16:45:00,2026-09-30 17:24:58,B-BTC_USDT,15m,84030.5,84090.01,83936.92,84030.19,115.54499,0.3099999999976717,153.0899999999965,0.0020249526422214,0.20249526422214,153.0899999999965,,,False,False,False,NO SIGNAL
2026-09-29 16:45:00,2026-09-29 17:00:00,2026-09-30 17:24:58,B-BTC_USDT,15m,84030.2,84077.46,83986.0,84068.3,76.42752,38.10000000000582,91.4600000000064,0.4165755521539815,41.65755521539815,91.4600000000064,,,False,False,False,NO SIGNAL
2026-09-29 17:00:00,2026-09-29 17:15:00,2026-09-30 17:53:35,B-BTC_USDT,15m,84068.29,84272.01,84063.19,84262.5,113.3595,194.2100000000064,208.81999999999243,0.9300354372187216,93.00354372187216,208.81999999999243,,,False,True,False,NO SIGNAL
2026-09-29 17:15:00,2026-09-29 17:30:00,2026-09-30 17:53:35,B-BTC_USDT,15m,84262.5,84500.0,84252.0,84358.01,186.72155,95.50999999999476,248.0,0.3851209677419143,38.51209677419143,248.0,,,False,False,False,NO SIGNAL
2026-09-29 17:30:00,2026-09-29 17:45:00,2026-09-30 18:20:59,B-BTC_USDT,15m,84358.0,84429.79,84299.45,84327.44,168.41335,30.55999999999767,130.3399999999965,0.2344637102961369,23.44637102961369,130.3399999999965,,,False,False,False,NO SIGNAL
2026-09-29 17:45:00,2026-09-29 18:00:00,2026-09-30 18:40:52,B-BTC_USDT,15m,84327.45,84488.99,84133.0,84203.93,174.27063,123.52000000000407,355.99000000000524,0.3469760386527775,34.69760386527775,355.99000000000524,,,False,False,False,NO SIGNAL
2026-09-29 18:00:00,2026-09-29 18:15:00,2026-09-30 18:40:52,B-BTC_USDT,15m,84203.93,84480.0,84203.93,84353.78,137.42597,149.85000000000582,276.070000000007,0.5427971166733149,54.27971166733149,276.070000000007,,,False,False,False,NO SIGNAL
2026-09-29 18:15:00,2026-09-29 18:30:00,2026-09-30 19:03:54,B-BTC_USDT,15m,84353.78,84390.0,84256.0,84332.85,110.31793,20.92999999999301,134.0,0.1561940298506941,15.619402985069412,134.0,,,False,False,False,NO SIGNAL
2026-09-29 18:30:00,2026-09-29 18:45:00,2026-09-30 19:23:34,B-BTC_USDT,15m,84332.85,84450.0,84249.65,84410.01,149.85882,77.15999999998894,200.35000000000585,0.3851260294483988,38.51260294483988,200.35000000000585,,,False,False,False,NO SIGNAL
2026-09-29 18:45:00,2026-09-29 19:00:00,2026-09-30 19:23:34,B-BTC_USDT,15m,84410.0,84563.99,84338.01,84361.84,197.55287,48.16000000000349,225.98000000001048,0.213116204973897,21.3116204973897,225.98000000001048,,,False,False,False,NO SIGNAL
2026-09-29 19:00:00,2026-09-29 19:15:00,2026-09-30 19:45:57,B-BTC_USDT,15m,84361.84,84361.85,84025.26,84192.01,316.50437,169.83000000000175,336.59000000001106,0.5045604444576374,50.45604444576374,336.59000000001106,,,False,False,False,NO SIGNAL
2026-09-29 19:15:00,2026-09-29 19:30:00,2026-09-30 20:09:17,B-BTC_USDT,15m,84192.01,84456.01,84082.0,84200.01,192.99895,8.0,374.0099999999948,0.0213898024117005,2.13898024117005,374.0099999999948,,,False,False,False,NO SIGNAL
2026-09-29 19:30:00,2026-09-29 19:45:00,2026-09-30 20:09:17,B-BTC_USDT,15m,84200.01,84288.01,83875.01,83925.3,316.90979,274.70999999999185,413.0,0.6651573849878737,66.51573849878737,413.0,,,False,True,False,NO SIGNAL
2026-09-29 19:45:00,2026-09-29 20:00:00,2026-09-30 20:31:20,B-BTC_USDT,15m,83925.31,84080.01,83854.26,83942.16,207.4684,16.85000000000582,225.75,0.0746400885936027,7.46400885936027,225.75,,,False,False,False,NO SIGNAL
2026-09-29 20:00:00,2026-09-29 20:15:00,2026-09-30 20:57:11,B-BTC_USDT,15m,83942.17,84014.96,83764.0,83890.85,334.02587,51.31999999999243,250.9600000000064,0.2044947401976057,20.44947401976057,250.9600000000064,,,False,False,False,NO SIGNAL
2026-09-29 20:15:00,2026-09-29 20:30:00,2026-09-30 20:57:11,B-BTC_USDT,15m,83890.85,84009.75,83688.0,83752.01,192.21915,138.84000000001106,321.75,0.4315151515151859,43.15151515151859,321.75,,,False,False,False,NO SIGNAL
2026-09-29 20:30:00,2026-09-29 20:45:00,2026-09-30 21:20:20,B-BTC_USDT,15m,83752.0,83756.25,83364.0,83430.82,315.78046,321.179999999993,392.25,0.8188145315487394,81.88145315487394,392.25,,,False,True,False,NO SIGNAL
2026-09-29 20:45:00,2026-09-29 21:00:00,2026-09-30 21:38:44,B-BTC_USDT,15m,83430.83,83496.01,82910.0,82994.54,522.74541,436.29000000000815,586.0099999999948,0.744509479360441,74.4509479360441,586.0099999999948,,,False,True,False,NO SIGNAL
2026-09-29 21:00:00,2026-09-29 21:15:00,2026-09-30 21:38:44,B-BTC_USDT,15m,82994.53,83242.4,82986.0,83179.58,280.54423,185.0500000000029,256.3999999999942,0.7217238689547859,72.1723868954786,256.3999999999942,,,False,True,False,NO SIGNAL
2026-09-29 21:15:00,2026-09-29 21:30:00,2026-09-30 22:02:44,B-BTC_USDT,15m,83179.58,83331.13,82929.0,83068.0,373.04056,111.58000000000176,402.1300000000047,0.2774724591550007,27.74724591550007,402.1300000000047,,,False,False,False,NO SIGNAL
2026-09-29 21:30:00,2026-09-29 21:45:00,2026-09-30 22:21:51,B-BTC_USDT,15m,83068.0,83145.81,82962.6,83030.0,177.88283,38.0,183.20999999999185,0.2074122591561688,20.74122591561688,183.20999999999185,,,False,False,False,NO SIGNAL
2026-09-29 21:45:00,2026-09-29 22:00:00,2026-09-30 22:39:44,B-BTC_USDT,15m,83030.01,83290.0,82997.32,83258.0,223.82874,227.99000000000524,292.679999999993,0.7789736230696005,77.89736230696005,292.679999999993,,,False,True,False,NO SIGNAL
2026-09-29 22:00:00,2026-09-29 22:15:00,2026-09-30 22:39:44,B-BTC_USDT,15m,83258.01,83276.01,83042.0,83044.01,92.47181,214.0,234.0099999999948,0.914490833725075,91.4490833725075,234.0099999999948,,,False,True,False,NO SIGNAL
2026-09-29 22:15:00,2026-09-29 22:30:00,2026-09-30 23:00:54,B-BTC_USDT,15m,83044.01,83088.01,82900.0,83061.27,189.88643,17.260000000009313,188.0099999999948,0.0918036274666762,9.180362746667619,188.0099999999948,,,False,False,False,NO SIGNAL
2026-09-29 22:30:00,2026-09-29 22:45:00,2026-09-30 23:19:20,B-BTC_USDT,15m,83061.28,83188.6,83014.98,83166.47,131.71468,105.19000000000231,173.6200000000099,0.6058633797949334,60.586337979493344,173.6200000000099,,,False,True,False,NO SIGNAL
2026-09-29 22:45:00,2026-09-29 23:00:00,2026-09-30 23:34:53,B-BTC_USDT,15m,83166.48,83180.69,83050.0,83178.0,92.37566,11.520000000004076,130.69000000000233,0.0881475246767455,8.81475246767455,130.69000000000233,,,False,False,False,NO SIGNAL
2026-09-29 23:00:00,2026-09-29 23:15:00,2026-09-30 23:59:21,B-BTC_USDT,15m,83178.01,83218.01,83107.9,83132.01,83.80314,46.0,110.11000000000058,0.4177640541276883,41.77640541276883,110.11000000000058,,,False,False,False,NO SIGNAL
2026-09-29 23:15:00,2026-09-29 23:30:00,2026-09-30 23:59:21,B-BTC_USDT,15m,83132.01,83171.24,82985.0,83078.01,75.4035,54.0,186.24000000000524,0.2899484536082393,28.99484536082393,186.24000000000524,,,False,False,False,NO SIGNAL
2026-09-29 23:30:00,2026-09-29 23:45:00,2026-10-01 00:22:05,B-BTC_USDT,15m,83078.01,83432.01,83078.01,83428.01,141.36729,350.0,354.0,0.9887005649717514,98.87005649717514,354.0,,,False,True,False,NO SIGNAL
2026-09-29 23:45:00,2026-09-30 00:00:00,2026-10-01 00:41:24,B-BTC_USDT,15m,83428.0,83519.0,83400.0,83427.65,69.28676,0.3500000000058207,119.0,0.0029411764706371,0.29411764706370996,119.0,,,False,False,False,NO SIGNAL
2026-09-30 00:00:00,2026-09-30 00:15:00,2026-10-01 00:41:24,B-BTC_USDT,15m,83427.66,83700.0,83414.0,83632.01,115.72599,204.34999999999127,286.0,0.714510489510459,71.4510489510459,286.0,,,False,True,False,NO SIGNAL
2026-09-30 00:15:00,2026-09-30 00:30:00,2026-10-01 01:01:48,B-BTC_USDT,15m,83632.0,83684.01,83586.0,83640.0,67.64029,8.0,98.00999999999476,0.0816243240485708,8.16243240485708,98.00999999999476,,,False,False,False,NO SIGNAL
2026-09-30 00:30:00,2026-09-30 00:45:00,2026-10-01 01:18:48,B-BTC_USDT,15m,83640.0,83700.0,83599.89,83599.89,65.8068,40.11000000000058,100.11000000000058,0.400659274797726,40.0659274797726,100.11000000000058,,,False,False,False,NO SIGNAL
2026-09-30 00:45:00,2026-09-30 01:00:00,2026-10-01 01:33:02,B-BTC_USDT,15m,83599.89,83665.93,83544.0,83547.99,67.47506,51.89999999999418,121.92999999999302,0.4256540638070791,42.56540638070791,121.92999999999302,,,False,False,False,NO SIGNAL
2026-09-30 01:00:00,2026-09-30 01:15:00,2026-10-01 01:54:37,B-BTC_USDT,15m,83547.99,83621.28,83436.0,83436.0,62.01874,111.99000000000524,185.27999999999884,0.6044365284974414,60.44365284974415,185.27999999999884,,,False,True,False,NO SIGNAL
2026-09-30 01:15:00,2026-09-30 01:30:00,2026-10-01 02:13:51,B-BTC_USDT,15m,83436.0,83637.69,83398.5,83594.01,124.91757,158.00999999999476,239.1900000000024,0.6606045403235637,66.06045403235638,239.1900000000024,,,False,True,False,NO SIGNAL
2026-09-30 01:30:00,2026-09-30 01:45:00,2026-10-01 02:28:34,B-BTC_USDT,15m,83594.01,83603.36,83508.0,83537.74,70.92967,56.26999999998952,95.36000000000058,0.5900796979864638,59.00796979864638,95.36000000000058,,,False,False,False,NO SIGNAL
2026-09-30 01:45:00,2026-09-30 02:00:00,2026-10-01 02:28:34,B-BTC_USDT,15m,83537.74,83650.01,83537.74,83630.25,50.72816,92.50999999999476,112.26999999998952,0.8239957245925305,82.39957245925305,112.26999999998952,,,False,True,False,NO SIGNAL
2026-09-30 02:00:00,2026-09-30 02:15:00,2026-10-01 02:50:41,B-BTC_USDT,15m,83630.26,83645.69,83586.94,83641.94,45.90621,11.680000000007569,58.75,0.1988085106384266,19.880851063842663,58.75,,,False,False,False,NO SIGNAL
2026-09-30 02:15:00,2026-09-30 02:30:00,2026-10-01 03:10:57,B-BTC_USDT,15m,83641.94,83654.85,83616.38,83616.39,36.69796,25.55000000000291,38.47000000000117,0.6641538861451036,66.41538861451036,38.47000000000117,,,False,True,False,NO SIGNAL
2026-09-30 02:30:00,2026-09-30 02:45:00,2026-10-01 03:27:49,B-BTC_USDT,15m,83616.38,83616.39,83526.0,83558.83,93.59363,57.55000000000291,90.38999999999942,0.636685474056901,63.6685474056901,90.38999999999942,,,False,True,False,NO SIGNAL
2026-09-30 02:45:00,2026-09-30 03:00:00,2026-10-01 03:27:49,B-BTC_USDT,15m,83558.84,83559.68,83384.0,83422.01,142.12536,136.83000000000175,175.67999999999302,0.7788592896175273,77.88592896175273,175.67999999999302,,,False,True,False,NO SIGNAL
2026-09-30 03:00:00,2026-09-30 03:15:00,2026-10-01 03:50:20,B-BTC_USDT,15m,83422.01,83538.01,83420.0,83506.43,59.91989,84.41999999999825,118.00999999999476,0.7153631048216422,71.53631048216423,118.00999999999476,,,False,True,False,NO SIGNAL
2026-09-30 03:15:00,2026-09-30 03:30:00,2026-10-01 04:09:25,B-BTC_USDT,15m,83506.43,83506.43,83420.0,83503.99,48.52066,2.4399999999877764,86.42999999999302,0.0282309383314586,2.82309383314586,86.42999999999302,,,False,False,False,NO SIGNAL
2026-09-30 03:30:00,2026-09-30 03:45:00,2026-10-01 04:26:02,B-BTC_USDT,15m,83503.99,83722.01,83503.99,83658.41,73.34006,154.41999999999825,218.01999999998952,0.7082836437024387,70.82836437024386,218.01999999998952,,,False,True,False,NO SIGNAL
2026-09-30 03:45:00,2026-09-30 04:00:00,2026-10-01 04:26:02,B-BTC_USDT,15m,83658.4,83689.51,83550.0,83598.01,71.68968,60.38999999999942,139.50999999999476,0.4328721955415503,43.28721955415503,139.50999999999476,,,False,False,False,NO SIGNAL
2026-09-30 04:00:00,2026-09-30 04:15:00,2026-10-01 04:46:19,B-BTC_USDT,15m,83598.01,83620.0,83544.68,83606.02,57.56327,8.010000000009313,75.32000000000698,0.1063462559746225,10.63462559746225,75.32000000000698,,,False,False,False,NO SIGNAL
2026-09-30 04:15:00,2026-09-30 04:30:00,2026-10-01 05:03:35,B-BTC_USDT,15m,83606.02,83650.0,83580.44,83612.01,72.30006,5.989999999990687,69.55999999999767,0.0861127084530029,8.61127084530029,69.55999999999767,,,False,False,False,NO SIGNAL
2026-09-30 04:30:00,2026-09-30 04:45:00,2026-10-01 05:19:28,B-BTC_USDT,15m,83612.0,83845.93,83612.0,83845.93,96.86636,233.92999999999304,233.92999999999304,1.0,100.0,233.92999999999304,,,False,True,False,NO SIGNAL
2026-09-30 04:45:00,2026-09-30 05:00:00,2026-10-01 05:35:50,B-BTC_USDT,15m,83845.93,83849.0,83725.0,83759.03,90.08695,86.89999999999418,124.0,0.7008064516128563,70.08064516128563,124.0,,,False,True,False,NO SIGNAL
2026-09-30 05:00:00,2026-09-30 05:15:00,2026-10-01 05:35:50,B-BTC_USDT,15m,83759.04,83759.04,83640.0,83660.0,72.92497,99.0399999999936,119.0399999999936,0.8319892473118189,83.19892473118189,119.0399999999936,,,False,True,False,NO SIGNAL
2026-09-30 05:15:00,2026-09-30 05:30:00,2026-10-01 06:06:02,B-BTC_USDT,15m,83660.01,83716.0,83645.0,83663.66,31.96813,3.650000000008731,71.0,0.0514084507043483,5.14084507043483,71.0,,,False,False,False,NO SIGNAL
2026-09-30 05:30:00,2026-09-30 05:45:00,2026-10-01 06:29:16,B-BTC_USDT,15m,83663.66,83731.46,83516.14,83529.04,90.64864,134.6200000000099,215.32000000000696,0.6252089912688349,62.52089912688349,215.32000000000696,,,False,True,False,NO SIGNAL
2026-09-30 05:45:00,2026-09-30 06:00:00,2026-10-01 06:29:16,B-BTC_USDT,15m,83529.03,83592.01,83416.93,83578.01,140.28906,48.979999999995925,175.08000000000175,0.2797578249942622,27.97578249942622,175.08000000000175,,,False,False,False,NO SIGNAL
2026-09-30 06:00:00,2026-09-30 06:15:00,2026-10-01 06:52:01,B-BTC_USDT,15m,83578.0,83631.42,83468.0,83490.09,73.12741,87.91000000000349,163.41999999999825,0.5379390527475488,53.793905274754884,163.41999999999825,,,False,False,False,NO SIGNAL
2026-09-30 06:15:00,2026-09-30 06:30:00,2026-10-01 07:11:37,B-BTC_USDT,15m,83490.09,83490.09,83344.78,83453.36,106.7968,36.729999999995925,145.30999999999767,0.2527699401279782,25.27699401279782,145.30999999999767,,,False,False,False,NO SIGNAL
2026-09-30 06:30:00,2026-09-30 06:45:00,2026-10-01 07:27:51,B-BTC_USDT,15m,83453.36,83482.1,83390.19,83427.4,235.56313,25.960000000006403,91.91000000000348,0.2824502230443413,28.24502230443413,91.91000000000348,,,False,False,False,NO SIGNAL
2026-09-30 06:45:00,2026-09-30 07:00:00,2026-10-01 07:27:51,B-BTC_USDT,15m,83427.4,83550.39,83399.52,83429.19,38.39824,1.790000000008149,150.86999999999534,0.0118645191224776,1.18645191224776,150.86999999999534,,,False,False,False,NO SIGNAL
2026-09-30 07:00:00,2026-09-30 07:15:00,2026-10-01 07:50:05,B-BTC_USDT,15m,83429.19,83446.01,83336.51,83434.01,78.30285,4.819999999992433,109.5,0.0440182648401135,4.40182648401135,109.5,,,False,False,False,NO SIGNAL
2026-09-30 07:15:00,2026-09-30 07:30:00,2026-10-01 08:10:14,B-BTC_USDT,15m,83434.0,83506.01,83401.84,83448.01,56.20192,14.00999999999476,104.16999999999824,0.1344916962656714,13.449169626567139,104.16999999999824,,,False,False,False,NO SIGNAL
2026-09-30 07:30:00,2026-09-30 07:45:00,2026-10-01 08:27:26,B-BTC_USDT,15m,83448.01,83620.87,83438.0,83486.01,83.92832,38.0,182.8699999999953,0.2077978892109201,20.77978892109201,182.8699999999953,,,False,False,False,NO SIGNAL
2026-09-30 07:45:00,2026-09-30 08:00:00,2026-10-01 08:27:26,B-BTC_USDT,15m,83486.0,83552.02,83382.34,83420.01,86.18434,65.99000000000524,169.68000000000757,0.3889085337105274,38.89085337105274,169.68000000000757,,,False,False,False,NO SIGNAL
2026-09-30 08:00:00,2026-09-30 08:15:00,2026-10-01 08:51:03,B-BTC_USDT,15m,83420.01,83445.95,83298.0,83386.47,114.93606,33.5399999999936,147.9499999999971,0.2266982088543038,22.66982088543038,147.9499999999971,,,False,False,False,NO SIGNAL
2026-09-30 08:15:00,2026-09-30 08:30:00,2026-10-01 09:12:13,B-BTC_USDT,15m,83386.47,83484.01,83362.0,83384.68,57.29009,1.790000000008149,122.00999999999476,0.0146709286124762,1.46709286124762,122.00999999999476,,,False,False,False,NO SIGNAL
2026-09-30 08:30:00,2026-09-30 08:45:00,2026-10-01 09:29:24,B-BTC_USDT,15m,83384.68,83423.8,83331.99,83332.0,43.48178,52.679999999993015,91.80999999999769,0.5737937043894386,57.37937043894385,91.80999999999769,,,False,False,False,NO SIGNAL
2026-09-30 08:45:00,2026-09-30 09:00:00,2026-10-01 09:29:24,B-BTC_USDT,15m,83332.0,83332.0,83175.67,83321.39,125.5855,10.610000000000582,156.33000000000175,0.0678692509435198,6.78692509435198,156.33000000000175,,,False,False,False,NO SIGNAL
2026-09-30 09:00:00,2026-09-30 09:15:00,2026-10-01 09:53:21,B-BTC_USDT,15m,83321.39,83427.51,83262.0,83362.0,57.17682,40.61000000000058,165.50999999999476,0.2453628179566302,24.53628179566302,165.50999999999476,,,False,False,False,NO SIGNAL
2026-09-30 09:15:00,2026-09-30 09:30:00,2026-10-01 09:53:21,B-BTC_USDT,15m,83362.0,83362.01,83280.0,83300.65,38.51158,61.35000000000582,82.00999999999476,0.7480795024998139,74.80795024998139,82.00999999999476,,,False,True,False,NO SIGNAL
2026-09-30 09:30:00,2026-09-30 09:45:00,2026-10-01 10:15:25,B-BTC_USDT,15m,83300.65,83418.01,83300.64,83369.08,56.88148,68.43000000000757,117.36999999999534,0.5830280310131233,58.30280310131233,117.36999999999534,,,False,False,False,NO SIGNAL
2026-09-30 09:45:00,2026-09-30 10:00:00,2026-10-01 10:31:03,B-BTC_USDT,15m,83369.09,83433.33,83358.52,83370.01,88.47564,0.9199999999982538,74.80999999999767,0.0122978211468825,1.22978211468825,74.80999999999767,,,False,False,False,NO SIGNAL
2026-09-30 10:00:00,2026-09-30 10:15:00,2026-10-01 10:53:21,B-BTC_USDT,15m,83370.01,83394.01,83296.0,83316.38,81.33683,53.629999999990105,98.00999999999476,0.5471890623405058,54.71890623405058,98.00999999999476,,,False,False,False,NO SIGNAL
2026-09-30 10:15:00,2026-09-30 10:30:00,2026-10-01 11:13:41,B-BTC_USDT,15m,83316.39,83320.0,83210.0,83210.01,59.78972,106.38000000000466,110.0,0.9670909090909514,96.70909090909514,110.0,,,False,True,False,NO SIGNAL
2026-09-30 10:30:00,2026-09-30 10:45:00,2026-10-01 11:13:41,B-BTC_USDT,15m,83210.01,83346.01,83210.0,83234.01,115.06472,24.0,136.00999999999476,0.1764576134107854,17.64576134107854,136.00999999999476,,,False,False,False,NO SIGNAL
2026-09-30 10:45:00,2026-09-30 11:00:00,2026-10-01 11:31:20,B-BTC_USDT,15m,83234.02,83383.97,83188.01,83383.97,121.45505,149.9499999999971,195.9600000000064,0.7652071851397846,76.52071851397847,195.9600000000064,,,False,True,False,NO SIGNAL
2026-09-30 11:00:00,2026-09-30 11:15:00,2026-10-01 11:31:20,B-BTC_USDT,15m,83383.96,83521.98,83383.96,83472.8,117.82752,88.83999999999651,138.01999999998952,0.6436748297348446,64.36748297348446,138.01999999998952,,,False,True,False,NO SIGNAL
2026-09-30 11:15:00,2026-09-30 11:30:00,2026-10-01 12:00:46,B-BTC_USDT,15m,83472.8,83484.01,83296.17,83384.0,86.48631,88.80000000000291,187.8399999999965,0.472742759795595,47.2742759795595,187.8399999999965,,,False,False,False,NO SIGNAL
2026-09-30 11:30:00,2026-09-30 11:45:00,2026-10-01 12:25:37,B-BTC_USDT,15m,83384.01,83438.01,83114.58,83128.01,123.94422,256.0,323.429999999993,0.7915159385338575,79.15159385338575,323.429999999993,,,False,True,False,NO SIGNAL
2026-09-30 11:45:00,2026-09-30 12:00:00,2026-10-01 12:25:37,B-BTC_USDT,15m,83128.0,83188.64,83058.17,83160.04,157.52569,32.0399999999936,130.47000000000116,0.2455736951022711,24.557369510227108,130.47000000000116,,,False,False,False,NO SIGNAL
2026-09-30 12:00:00,2026-09-30 12:15:00,2026-10-01 12:49:41,B-BTC_USDT,15m,83160.05,83160.05,83042.41,83106.0,99.33788,54.05000000000291,117.63999999999942,0.4594525671540562,45.94525671540562,117.63999999999942,,,False,False,False,NO SIGNAL
2026-09-30 12:15:00,2026-09-30 12:30:00,2026-10-01 13:10:03,B-BTC_USDT,15m,83106.01,83194.93,82980.0,83043.14,149.49215,62.86999999999534,214.92999999999304,0.2925138417158953,29.251384171589528,214.92999999999304,,,False,False,False,NO SIGNAL
2026-09-30 12:30:00,2026-09-30 12:45:00,2026-10-01 13:27:54,B-BTC_USDT,15m,83043.14,83112.67,82956.11,83016.03,149.21948,27.110000000000586,156.55999999999767,0.1731604496678652,17.31604496678652,156.55999999999767,,,False,False,False,NO SIGNAL
2026-09-30 12:45:00,2026-09-30 13:00:00,2026-10-01 13:27:54,B-BTC_USDT,15m,83016.03,83400.0,83016.02,83308.01,119.82903,291.9799999999959,383.9799999999959,0.7604041877181078,76.04041877181078,383.9799999999959,,,False,True,False,NO SIGNAL
2026-09-30 13:00:00,2026-09-30 13:15:00,2026-10-01 13:56:54,B-BTC_USDT,15m,83308.0,83436.01,83268.0,83425.67,185.4673,117.66999999999824,168.00999999999476,0.7003749776799114,70.03749776799114,168.00999999999476,,,False,True,False,NO SIGNAL
2026-09-30 13:15:00,2026-09-30 13:30:00,2026-10-01 13:56:54,B-BTC_USDT,15m,83425.67,83470.0,83300.0,83304.92,233.64999,120.75,170.0,0.7102941176470589,71.02941176470588,170.0,,,False,True,False,NO SIGNAL
2026-09-30 13:30:00,2026-09-30 13:45:00,2026-10-01 14:15:53,B-BTC_USDT,15m,83304.92,83339.91,83125.7,83130.01,167.26508,174.9100000000035,214.2100000000064,0.8165351757620946,81.65351757620945,214.2100000000064,,,False,True,False,NO SIGNAL
2026-09-30 13:45:00,2026-09-30 14:00:00,2026-10-01 14:31:24,B-BTC_USDT,15m,83130.0,83288.65,83119.02,83133.99,160.24991,3.990000000005239,169.6299999999901,0.0235217827035634,2.35217827035634,169.6299999999901,,,False,False,False,NO SIGNAL
2026-09-30 14:00:00,2026-09-30 14:15:00,2026-10-01 14:55:30,B-BTC_USDT,15m,83134.0,83140.55,83037.0,83080.01,176.25962,53.99000000000524,103.55000000000292,0.5213906325447003,52.13906325447003,103.55000000000292,,,False,False,False,NO SIGNAL
2026-09-30 14:15:00,2026-09-30 14:30:00,2026-10-01 14:55:30,B-BTC_USDT,15m,83080.0,83172.6,83023.69,83062.41,124.4923,17.589999999996508,148.9100000000035,0.1181250419716345,11.812504197163449,148.9100000000035,,,False,False,False,NO SIGNAL
2026-09-30 14:30:00,2026-09-30 14:45:00,2026-10-01 15:18:07,B-BTC_USDT,15m,83062.41,83291.95,83058.0,83291.94,84.69473,229.52999999999884,233.9499999999971,0.9811070741611528,98.11070741611529,233.9499999999971,,,False,True,False,NO SIGNAL
2026-09-30 14:45:00,2026-09-30 15:00:00,2026-10-01 15:33:38,B-BTC_USDT,15m,83291.94,83440.99,83277.25,83426.95,127.39236,135.00999999999476,163.74000000000524,0.8245389031390646,82.45389031390647,163.74000000000524,,,False,True,False,NO SIGNAL
2026-09-30 15:00:00,2026-09-30 15:15:00,2026-10-01 15:56:55,B-BTC_USDT,15m,83426.96,83812.41,83426.95,83574.4,334.51225,147.43999999998778,385.4600000000064,0.3825040211694737,38.25040211694737,385.4600000000064,,,False,False,False,NO SIGNAL
2026-09-30 15:15:00,2026-09-30 15:30:00,2026-10-01 15:56:55,B-BTC_USDT,15m,83574.39,83656.01,83537.21,83632.01,98.15454,57.61999999999534,118.79999999998836,0.4850168350168433,48.501683501684326,118.79999999998836,,,False,False,False,NO SIGNAL
2026-09-30 15:30:00,2026-09-30 15:45:00,2026-10-01 16:19:00,B-BTC_USDT,15m,83632.01,83796.73,83632.01,83706.53,344.30893,74.52000000000407,164.72000000000116,0.4524040796503372,45.24040796503372,164.72000000000116,,,False,False,False,NO SIGNAL
2026-09-30 15:45:00,2026-09-30 16:00:00,2026-10-01 16:33:37,B-BTC_USDT,15m,83706.02,83866.33,83678.0,83787.92,175.26886,81.89999999999418,188.3300000000017,0.4348749535389657,43.48749535389657,188.3300000000017,,,False,False,False,NO SIGNAL
2026-09-30 16:00:00,2026-09-30 16:15:00,2026-10-01 16:55:14,B-BTC_USDT,15m,83787.91,83926.33,83787.91,83888.58,136.48128,100.66999999999824,138.41999999999825,0.7272792948995775,72.72792948995776,138.41999999999825,,,False,True,False,NO SIGNAL
2026-09-30 16:15:00,2026-09-30 16:30:00,2026-10-01 16:55:14,B-BTC_USDT,15m,83888.58,83950.0,83862.12,83918.01,102.4032,29.42999999999301,87.88000000000466,0.3348884842966711,33.488848429667115,87.88000000000466,,,False,False,False,NO SIGNAL
2026-09-30 16:30:00,2026-09-30 16:45:00,2026-10-01 17:15:58,B-BTC_USDT,15m,83918.0,83918.0,83696.0,83844.99,112.76053,73.00999999999476,222.0,0.3288738738738502,32.88738738738502,222.0,,,False,False,False,NO SIGNAL
2026-09-30 16:45:00,2026-09-30 17:00:00,2026-10-01 17:32:29,B-BTC_USDT,15m,83844.99,83879.64,83716.0,83858.0,83.73694,13.00999999999476,163.63999999999942,0.0795037888046615,7.9503788804661495,163.63999999999942,,,False,False,False,NO SIGNAL
2026-09-30 17:00:00,2026-09-30 17:15:00,2026-10-01 17:32:29,B-BTC_USDT,15m,83858.01,83981.11,83747.65,83934.01,167.5483,76.0,233.4600000000064,0.3255375653216736,32.55375653216736,233.4600000000064,,,False,False,False,NO SIGNAL
2026-09-30 17:15:00,2026-09-30 17:30:00,2026-10-01 18:01:25,B-BTC_USDT,15m,83934.01,83976.0,83820.01,83915.16,85.1232,18.84999999999127,155.99000000000524,0.1208410795563217,12.08410795563217,155.99000000000524,,,False,False,False,NO SIGNAL
2026-09-30 17:30:00,2026-09-30 17:45:00,2026-10-01 18:26:17,B-BTC_USDT,15m,83915.17,83942.01,83768.89,83883.94,77.65133,31.229999999995925,173.11999999999534,0.1803951016635672,18.03951016635672,173.11999999999534,,,False,False,False,NO SIGNAL
2026-09-30 17:45:00,2026-09-30 18:00:00,2026-10-01 18:26:17,B-BTC_USDT,15m,83883.95,83975.0,83768.0,83939.61,150.69261,55.66000000000349,207.0,0.2688888888889058,26.888888888890577,207.0,,,False,False,False,NO SIGNAL
2026-09-30 18:00:00,2026-09-30 18:15:00,2026-10-01 18:52:47,B-BTC_USDT,15m,83939.61,85072.01,83874.0,84828.16,2195.21764,888.5500000000029,1198.0099999999948,0.7416882997637806,74.16882997637806,1198.0099999999948,,,False,True,False,NO SIGNAL
2026-09-30 18:15:00,2026-09-30 18:30:00,2026-10-01 19:14:20,B-BTC_USDT,15m,84828.17,85514.0,84741.25,85290.32,1426.54003,462.15000000000873,772.75,0.5980588806211695,59.80588806211695,772.75,,,False,False,False,NO SIGNAL
2026-09-30 18:30:00,2026-09-30 18:45:00,2026-10-01 19:14:20,B-BTC_USDT,15m,85290.32,85649.95,85104.65,85394.57,654.24922,104.25,545.3000000000029,0.191179167430771,19.117916743077103,545.3000000000029,,,False,False,False,NO SIGNAL
2026-09-30 18:45:00,2026-09-30 19:00:00,2026-10-01 19:31:41,B-BTC_USDT,15m,85394.57,85500.01,85168.0,85188.0,516.79348,206.57000000000696,332.0099999999948,0.6221800548176568,62.21800548176568,332.0099999999948,,,False,True,False,NO SIGNAL
2026-09-30 19:00:00,2026-09-30 19:15:00,2026-10-01 19:56:45,B-BTC_USDT,15m,85188.01,85563.0,84019.39,84515.45,914.77034,672.5599999999977,1543.6100000000006,0.435705910171609,43.5705910171609,1543.6100000000006,,,False,False,False,NO SIGNAL
2026-09-30 19:15:00,2026-09-30 19:30:00,2026-10-01 19:56:45,B-BTC_USDT,15m,84515.46,84757.07,84400.0,84637.74,297.74795,122.27999999999884,357.070000000007,0.3424538605875499,34.24538605875499,357.070000000007,,,False,False,False,NO SIGNAL
2026-09-30 19:30:00,2026-09-30 19:45:00,2026-10-01 20:19:46,B-BTC_USDT,15m,84637.74,84644.83,84138.59,84354.01,399.64486,283.7300000000105,506.2400000000053,0.5604653919089909,56.04653919089909,506.2400000000053,,,False,False,False,NO SIGNAL
2026-09-30 19:45:00,2026-09-30 20:00:00,2026-10-01 20:36:21,B-BTC_USDT,15m,84354.01,84358.01,83647.28,83768.38,592.90226,585.6299999999901,710.7299999999959,0.8239837913131477,82.39837913131477,710.7299999999959,,,False,True,False,NO SIGNAL
2026-09-30 20:00:00,2026-09-30 20:15:00,2026-10-01 20:59:41,B-BTC_USDT,15m,83768.38,83831.96,83373.0,83553.98,578.41953,214.4000000000088,458.9600000000064,0.4671431061530541,46.71431061530541,458.9600000000064,,,False,False,False,NO SIGNAL
2026-09-30 20:15:00,2026-09-30 20:30:00,2026-10-01 20:59:41,B-BTC_USDT,15m,83553.98,83987.78,83544.61,83800.01,326.9992,246.02999999999884,443.1699999999983,0.5551594196358053,55.51594196358053,443.1699999999983,,,False,False,False,NO SIGNAL
2026-09-30 20:30:00,2026-09-30 20:45:00,2026-10-01 21:20:50,B-BTC_USDT,15m,83800.01,84000.0,83724.0,83952.98,230.67691,152.97000000000116,276.0,0.5542391304347868,55.42391304347868,276.0,,,False,False,False,NO SIGNAL
2026-09-30 20:45:00,2026-09-30 21:00:00,2026-10-01 21:37:53,B-BTC_USDT,15m,83952.98,84021.58,83694.0,83895.48,211.13587,57.5,327.58000000000175,0.1755296416142612,17.55296416142612,327.58000000000175,,,False,False,False,NO SIGNAL
2026-09-30 21:00:00,2026-09-30 21:15:00,2026-10-01 21:59:35,B-BTC_USDT,15m,83895.49,84295.71,83895.48,84114.01,249.03626,218.51999999998952,400.2300000000105,0.5459860580165999,54.59860580165999,400.2300000000105,,,False,False,False,NO SIGNAL
2026-09-30 21:15:00,2026-09-30 21:30:00,2026-10-01 21:59:35,B-BTC_USDT,15m,84114.01,84289.29,84105.59,84134.43,120.14226,20.419999999998254,183.6999999999971,0.1111594991834435,11.11594991834435,183.6999999999971,,,False,False,False,NO SIGNAL
2026-09-30 21:30:00,2026-09-30 21:45:00,2026-10-01 22:18:28,B-BTC_USDT,15m,84134.43,84385.32,84134.43,84361.98,165.33053,227.5500000000029,250.890000000014,0.9069711825899408,90.69711825899408,250.890000000014,,,False,True,False,NO SIGNAL
2026-09-30 21:45:00,2026-09-30 22:00:00,2026-10-01 22:34:53,B-BTC_USDT,15m,84361.97,84490.01,84294.0,84294.0,184.0409,67.97000000000116,196.0099999999948,0.3467680220397071,34.67680220397071,196.0099999999948,,,False,False,False,NO SIGNAL
2026-09-30 22:00:00,2026-09-30 22:15:00,2026-10-01 22:56:57,B-BTC_USDT,15m,84294.01,84362.55,84217.78,84356.01,111.56346,62.0,144.77000000000407,0.4282655246252556,42.826552462525555,144.77000000000407,,,False,False,False,NO SIGNAL
2026-09-30 22:15:00,2026-09-30 22:30:00,2026-10-01 22:56:57,B-BTC_USDT,15m,84356.01,84473.58,84309.42,84349.44,110.88914,6.569999999992433,164.1600000000035,0.0400219298245144,4.00219298245144,164.1600000000035,,,False,False,False,NO SIGNAL
2026-09-30 22:30:00,2026-09-30 22:45:00,2026-10-01 23:18:11,B-BTC_USDT,15m,84349.44,84435.26,84281.99,84298.01,158.02662,51.43000000000757,153.26999999998952,0.3355516408952246,33.555164089522464,153.26999999998952,,,False,False,False,NO SIGNAL
2026-09-30 22:45:00,2026-09-30 23:00:00,2026-10-01 23:33:19,B-BTC_USDT,15m,84298.0,84298.01,84016.0,84217.37,134.09049,80.63000000000466,282.0099999999948,0.2859118470976425,28.59118470976425,282.0099999999948,,,False,False,False,NO SIGNAL
2026-09-30 23:00:00,2026-09-30 23:15:00,2026-10-01 23:59:56,B-BTC_USDT,15m,84217.36,84217.36,83923.71,84008.0,174.85624,209.36000000000053,293.6499999999942,0.7129576025881312,71.29576025881312,293.6499999999942,,,False,True,False,NO SIGNAL
2026-09-30 23:15:00,2026-09-30 23:30:00,2026-10-01 23:59:56,B-BTC_USDT,15m,84008.0,84158.01,83980.0,84031.46,125.70236,23.460000000006403,178.00999999999476,0.1317903488568456,13.17903488568456,178.00999999999476,,,False,False,False,NO SIGNAL
2026-09-30 23:30:00,2026-09-30 23:45:00,2026-10-02 00:22:07,B-BTC_USDT,15m,84031.47,84078.55,83930.15,84006.0,120.06837,25.470000000001164,148.40000000000873,0.1716307277628009,17.16307277628009,148.40000000000873,,,False,False,False,NO SIGNAL
2026-09-30 23:45:00,2026-10-01 00:00:00,2026-10-02 00:40:00,B-BTC_USDT,15m,84006.0,84024.65,83876.0,83919.81,114.37562,86.19000000000233,148.64999999999418,0.5798183652876266,57.98183652876266,148.64999999999418,,,False,False,False,NO SIGNAL
2026-10-01 00:00:00,2026-10-01 00:15:00,2026-10-02 00:40:00,B-BTC_USDT,15m,83919.81,83945.46,83810.93,83854.46,95.42025,65.34999999999127,134.5300000000134,0.4857652568199269,48.57652568199269,134.5300000000134,,,False,False,False,NO SIGNAL
2026-10-01 00:15:00,2026-10-01 00:30:00,2026-10-02 01:01:15,B-BTC_USDT,15m,83854.46,83986.01,83792.98,83950.0,102.26609,95.5399999999936,193.02999999999884,0.4949489716624057,49.49489716624057,193.02999999999884,,,False,False,False,NO SIGNAL
2026-10-01 00:30:00,2026-10-01 00:45:00,2026-10-02 01:18:39,B-BTC_USDT,15m,83950.01,83958.01,83728.65,83760.0,76.35231,190.0099999999948,229.36000000000053,0.8284356470177637,82.84356470177637,229.36000000000053,,,False,True,False,NO SIGNAL
2026-10-01 00:45:00,2026-10-01 01:00:00,2026-10-02 01:32:43,B-BTC_USDT,15m,83760.0,83786.01,83613.8,83749.24,144.19913,10.75999999999476,172.20999999999185,0.0624818535508696,6.248185355086959,172.20999999999185,,,False,False,False,NO SIGNAL
2026-10-01 01:00:00,2026-10-01 01:15:00,2026-10-02 01:55:25,B-BTC_USDT,15m,83749.24,83940.6,83749.24,83824.02,75.62811,74.77999999999884,191.36000000000053,0.3907817725752435,39.07817725752435,191.36000000000053,,,False,False,False,NO SIGNAL
2026-10-01 01:15:00,2026-10-01 01:30:00,2026-10-02 01:55:25,B-BTC_USDT,15m,83824.01,83834.23,83503.18,83603.16,206.18975,220.84999999999127,331.0500000000029,0.6671197704273957,66.71197704273956,331.0500000000029,,,False,True,False,NO SIGNAL
2026-10-01 01:30:00,2026-10-01 01:45:00,2026-10-02 02:16:47,B-BTC_USDT,15m,83603.16,83670.0,83530.11,83655.74,176.11436,52.58000000000175,139.88999999999942,0.3758667524483663,37.586675244836634,139.88999999999942,,,False,False,False,NO SIGNAL
2026-10-01 01:45:00,2026-10-01 02:00:00,2026-10-02 02:30:13,B-BTC_USDT,15m,83655.75,83771.16,83601.64,83725.99,132.67877,70.24000000000524,169.52000000000407,0.4143463898065334,41.43463898065334,169.52000000000407,,,False,False,False,NO SIGNAL
2026-10-01 02:00:00,2026-10-01 02:15:00,2026-10-02 02:52:08,B-BTC_USDT,15m,83725.99,83732.47,83636.59,83689.4,71.79658,36.59000000001106,95.88000000000466,0.3816228619108185,38.162286191081854,95.88000000000466,,,False,False,False,NO SIGNAL
2026-10-01 02:15:00,2026-10-01 02:30:00,2026-10-02 03:12:52,B-BTC_USDT,15m,83689.4,83719.81,83638.38,83673.99,39.49949,15.40999999998894,81.42999999999302,0.1892422939947226,18.92422939947226,81.42999999999302,,,False,False,False,NO SIGNAL
2026-10-01 02:30:00,2026-10-01 02:45:00,2026-10-02 03:28:45,B-BTC_USDT,15m,83673.99,83808.82,83673.99,83766.01,105.12203,92.01999999998952,134.83000000000175,0.6824890602980667,68.24890602980666,134.83000000000175,,,False,True,False,NO SIGNAL
2026-10-01 02:45:00,2026-10-01 03:00:00,2026-10-02 03:28:45,B-BTC_USDT,15m,83766.01,83818.83,83725.99,83726.0,84.77795,40.00999999999476,92.83999999999652,0.4309564842739796,43.09564842739796,92.83999999999652,,,False,False,False,NO SIGNAL
2026-10-01 03:00:00,2026-10-01 03:15:00,2026-10-02 03:49:12,B-BTC_USDT,15m,83726.0,83816.05,83707.76,83708.25,74.6498,17.75,108.29000000000816,0.1639117185335549,16.39117185335549,108.29000000000816,,,False,False,False,NO SIGNAL
2026-10-01 03:15:00,2026-10-01 03:30:00,2026-10-02 04:07:16,B-BTC_USDT,15m,83708.26,83760.01,83708.25,83757.72,37.53889,49.4600000000064,51.75999999999476,0.9555641421949654,95.55641421949655,51.75999999999476,,,False,True,False,NO SIGNAL
2026-10-01 03:30:00,2026-10-01 03:45:00,2026-10-02 04:24:03,B-BTC_USDT,15m,83757.73,83781.79,83580.29,83728.69,76.56654,29.0399999999936,201.5,0.14411910669972,14.411910669972,201.5,,,False,False,False,NO SIGNAL
2026-10-01 03:45:00,2026-10-01 04:00:00,2026-10-02 04:41:31,B-BTC_USDT,15m,83728.69,83824.01,83714.71,83824.01,51.05532,95.31999999999243,109.29999999998836,0.8720951509606824,87.20951509606823,109.29999999998836,,,False,True,False,NO SIGNAL
2026-10-01 04:00:00,2026-10-01 04:15:00,2026-10-02 04:59:16,B-BTC_USDT,15m,83824.0,83845.0,83802.0,83810.16,38.01486,13.839999999996508,43.0,0.3218604651161978,32.18604651161978,43.0,,,False,False,False,NO SIGNAL
2026-10-01 04:15:00,2026-10-01 04:30:00,2026-10-02 04:59:16,B-BTC_USDT,15m,83810.17,83822.13,83685.85,83685.85,49.25748,124.31999999999243,136.27999999999884,0.912239506897516,91.2239506897516,136.27999999999884,,,False,True,False,NO SIGNAL
2026-10-01 04:30:00,2026-10-01 04:45:00,2026-10-02 05:29:19,B-BTC_USDT,15m,83685.86,83774.86,83636.0,83700.63,157.6941,14.770000000004076,138.86000000000058,0.1063661241538529,10.63661241538529,138.86000000000058,,,False,False,False,NO SIGNAL
2026-10-01 04:45:00,2026-10-01 05:00:00,2026-10-02 05:29:19,B-BTC_USDT,15m,83700.64,83836.07,83661.22,83662.01,190.24909,38.63000000000466,174.85000000000582,0.2209322276236967,22.09322276236967,174.85000000000582,,,False,False,False,NO SIGNAL
2026-10-01 05:00:00,2026-10-01 05:15:00,2026-10-02 06:00:00,B-BTC_USDT,15m,83662.0,83687.99,83523.65,83621.6,132.40134,40.39999999999418,164.34000000001106,0.2458318120968203,24.58318120968203,164.34000000001106,,,False,False,False,NO SIGNAL
2026-10-01 05:15:00,2026-10-01 05:30:00,2026-10-02 06:00:00,B-BTC_USDT,15m,83621.59,83654.01,83552.0,83623.6,210.92671,2.010000000009313,102.00999999999476,0.0197039505931714,1.97039505931714,102.00999999999476,,,False,False,False,NO SIGNAL
2026-10-01 05:30:00,2026-10-01 05:45:00,2026-10-02 06:23:39,B-BTC_USDT,15m,83623.59,83660.01,83458.15,83509.05,149.21111,114.5399999999936,201.86000000000053,0.5674229664123317,56.74229664123317,201.86000000000053,,,False,False,False,NO SIGNAL
2026-10-01 05:45:00,2026-10-01 06:00:00,2026-10-02 06:43:27,B-BTC_USDT,15m,83509.04,83512.44,83429.8,83488.01,119.97871,21.02999999999884,82.63999999999942,0.2544772507260283,25.44772507260283,82.63999999999942,,,False,False,False,NO SIGNAL
2026-10-01 06:00:00,2026-10-01 06:15:00,2026-10-02 06:43:27,B-BTC_USDT,15m,83488.01,83570.72,83438.72,83570.72,94.74828,82.7100000000064,132.0,0.6265909090909576,62.65909090909576,132.0,,,False,True,False,NO SIGNAL
2026-10-01 06:15:00,2026-10-01 06:30:00,2026-10-02 07:03:46,B-BTC_USDT,15m,83570.71,83591.41,83487.63,83509.03,87.75708,61.68000000000757,103.77999999999884,0.5943341684333037,59.43341684333036,103.77999999999884,,,False,False,False,NO SIGNAL
2026-10-01 06:30:00,2026-10-01 06:45:00,2026-10-02 07:21:51,B-BTC_USDT,15m,83509.03,83614.01,83500.0,83590.0,124.05007,80.97000000000116,114.00999999999476,0.7102008595737644,71.02008595737644,114.00999999999476,,,False,True,False,NO SIGNAL
2026-10-01 06:45:00,2026-10-01 07:00:00,2026-10-02 07:39:48,B-BTC_USDT,15m,83590.0,83692.0,83533.06,83635.01,88.16302,45.00999999999476,158.94000000000233,0.2831886246381911,28.318862463819112,158.94000000000233,,,False,False,False,NO SIGNAL
2026-10-01 07:00:00,2026-10-01 07:15:00,2026-10-02 07:59:09,B-BTC_USDT,15m,83635.01,83635.01,83482.2,83600.53,72.15455,34.479999999995925,152.80999999999767,0.2256396832667787,22.56396832667787,152.80999999999767,,,False,False,False,NO SIGNAL
2026-10-01 07:15:00,2026-10-01 07:30:00,2026-10-02 07:59:09,B-BTC_USDT,15m,83600.52,83609.99,83512.0,83518.07,59.07976,82.44999999999709,97.99000000000524,0.841412389019213,84.1412389019213,97.99000000000524,,,False,True,False,NO SIGNAL
2026-10-01 07:30:00,2026-10-01 07:45:00,2026-10-02 08:17:58,B-BTC_USDT,15m,83518.07,83668.01,83508.67,83600.01,59.03962,81.93999999998778,159.3399999999965,0.5142462658465519,51.424626584655186,159.3399999999965,,,False,False,False,NO SIGNAL
2026-10-01 07:45:00,2026-10-01 08:00:00,2026-10-02 08:32:23,B-BTC_USDT,15m,83600.01,83600.01,83425.82,83541.31,107.21637,58.69999999999709,174.18999999998778,0.3369883460589081,33.69883460589081,174.18999999998778,,,False,False,False,NO SIGNAL
2026-10-01 08:00:00,2026-10-01 08:15:00,2026-10-02 08:54:48,B-BTC_USDT,15m,83541.32,83596.5,83423.92,83447.75,136.9392,93.57000000000698,172.58000000000175,0.5421833352648397,54.218333526483974,172.58000000000175,,,False,False,False,NO SIGNAL
2026-10-01 08:15:00,2026-10-01 08:30:00,2026-10-02 08:54:48,B-BTC_USDT,15m,83447.75,83522.01,83410.39,83490.78,58.95176,43.02999999999884,111.61999999999534,0.3855043898942898,38.55043898942898,111.61999999999534,,,False,False,False,NO SIGNAL
2026-10-01 08:30:00,2026-10-01 08:45:00,2026-10-02 09:16:15,B-BTC_USDT,15m,83490.78,83529.1,83424.58,83474.01,93.48084,16.770000000004075,104.52000000000407,0.1604477611940625,16.04477611940625,104.52000000000407,,,False,False,False,NO SIGNAL
2026-10-01 08:45:00,2026-10-01 09:00:00,2026-10-02 09:31:17,B-BTC_USDT,15m,83474.01,83537.51,83441.07,83529.33,49.7573,55.320000000006985,96.43999999998778,0.5736209041892782,57.36209041892783,96.43999999998778,,,False,False,False,NO SIGNAL
2026-10-01 09:00:00,2026-10-01 09:15:00,2026-10-02 09:54:07,B-BTC_USDT,15m,83529.32,83732.01,83470.0,83714.2,76.80985,184.8799999999901,262.0099999999948,0.7056219228273494,70.56219228273494,262.0099999999948,,,False,True,False,NO SIGNAL
2026-10-01 09:15:00,2026-10-01 09:30:00,2026-10-02 10:14:58,B-BTC_USDT,15m,83714.2,83780.14,83638.2,83754.01,104.96827,39.80999999999767,141.94000000000233,0.2804706213892984,28.04706213892984,141.94000000000233,,,False,False,False,NO SIGNAL
2026-10-01 09:30:00,2026-10-01 09:45:00,2026-10-02 10:30:01,B-BTC_USDT,15m,83754.01,83938.2,83754.01,83934.91,107.01606,180.9000000000088,184.1900000000024,0.9821380096639688,98.21380096639687,184.1900000000024,,,False,True,False,NO SIGNAL
2026-10-01 09:45:00,2026-10-01 10:00:00,2026-10-02 10:30:01,B-BTC_USDT,15m,83934.91,83934.92,83720.4,83860.01,132.59748,74.90000000000873,214.52000000000407,0.3491515942569798,34.91515942569798,214.52000000000407,,,False,False,False,NO SIGNAL
2026-10-01 10:00:00,2026-10-01 10:15:00,2026-10-02 10:52:04,B-BTC_USDT,15m,83860.0,83930.88,83782.84,83930.88,83.89529,70.88000000000466,148.04000000000815,0.4787895163469383,47.87895163469383,148.04000000000815,,,False,False,False,NO SIGNAL
2026-10-01 10:15:00,2026-10-01 10:30:00,2026-10-02 11:11:38,B-BTC_USDT,15m,83930.88,84207.53,83930.87,84110.01,191.11939,179.1299999999901,276.6600000000035,0.6474734330947294,64.74734330947294,276.6600000000035,,,False,True,False,NO SIGNAL
2026-10-01 10:30:00,2026-10-01 10:45:00,2026-10-02 11:28:01,B-BTC_USDT,15m,84110.01,84278.07,84032.0,84246.01,178.83821,136.0,246.07000000000696,0.5526882594383555,55.26882594383555,246.07000000000696,,,False,False,False,NO SIGNAL
2026-10-01 10:45:00,2026-10-01 11:00:00,2026-10-02 11:28:01,B-BTC_USDT,15m,84246.0,84318.61,84238.98,84288.2,83.68968,42.19999999999709,79.63000000000466,0.5299510234835442,52.995102348354415,79.63000000000466,,,False,False,False,NO SIGNAL
2026-10-01 11:00:00,2026-10-01 11:15:00,2026-10-02 11:55:44,B-BTC_USDT,15m,84288.21,84326.01,84208.0,84212.01,98.97084,76.20000000001164,118.00999999999476,0.6457079908483605,64.57079908483605,118.00999999999476,,,False,True,False,NO SIGNAL
2026-10-01 11:15:00,2026-10-01 11:30:00,2026-10-02 11:55:44,B-BTC_USDT,15m,84212.01,84368.0,84212.01,84291.48,58.54579,79.47000000000116,155.99000000000524,0.5094557343419354,50.945573434193534,155.99000000000524,,,False,False,False,NO SIGNAL
2026-10-01 11:30:00,2026-10-01 11:45:00,2026-10-02 12:22:03,B-BTC_USDT,15m,84291.49,84419.69,84240.35,84376.01,118.93722,84.51999999998952,179.3399999999965,0.471283595405326,47.1283595405326,179.3399999999965,,,False,False,False,NO SIGNAL
2026-10-01 11:45:00,2026-10-01 12:00:00,2026-10-02 12:41:23,B-BTC_USDT,15m,84376.02,84384.09,84306.51,84347.35,74.16086,28.669999999998254,77.58000000000175,0.3695540087651148,36.955400876511476,77.58000000000175,,,False,False,False,NO SIGNAL
2026-10-01 12:00:00,2026-10-01 12:15:00,2026-10-02 12:41:23,B-BTC_USDT,15m,84347.34,84359.22,84105.76,84160.89,116.16526,186.4499999999971,253.4600000000064,0.7356190325889386,73.56190325889386,253.4600000000064,,,False,True,False,NO SIGNAL
2026-10-01 12:15:00,2026-10-01 12:30:00,2026-10-02 13:03:47,B-BTC_USDT,15m,84160.89,84201.73,84120.0,84121.45,89.33129,39.44000000000233,81.72999999999593,0.4825645417839752,48.25645417839752,81.72999999999593,,,False,False,False,NO SIGNAL
2026-10-01 12:30:00,2026-10-01 12:45:00,2026-10-02 13:23:01,B-BTC_USDT,15m,84121.45,84214.18,84055.6,84055.62,225.45911,65.83000000000175,158.5799999999872,0.4151217051331004,41.51217051331004,158.5799999999872,,,False,False,False,NO SIGNAL
2026-10-01 12:45:00,2026-10-01 13:00:00,2026-10-02 13:43:14,B-BTC_USDT,15m,84055.61,84088.96,83321.71,83364.29,532.79052,691.320000000007,767.25,0.9010361681329514,90.10361681329513,767.25,,,False,True,False,NO SIGNAL
2026-10-01 13:00:00,2026-10-01 13:15:00,2026-10-02 13:43:14,B-BTC_USDT,15m,83364.3,83672.71,83343.41,83544.14,471.35082,179.8399999999965,329.3000000000029,0.5461281506225172,54.61281506225172,329.3000000000029,,,False,False,False,NO SIGNAL
2026-10-01 13:15:00,2026-10-01 13:30:00,2026-10-02 14:05:56,B-BTC_USDT,15m,83544.14,83658.52,83400.0,83429.93,203.93342,114.2100000000064,258.5200000000041,0.441784001237833,44.1784001237833,258.5200000000041,,,False,False,False,NO SIGNAL
2026-10-01 13:30:00,2026-10-01 13:45:00,2026-10-02 14:23:55,B-BTC_USDT,15m,83429.93,83529.1,83340.0,83392.95,442.83899,36.979999999995925,189.10000000000585,0.1955579058698825,19.555790586988252,189.10000000000585,,,False,False,False,NO SIGNAL
2026-10-01 13:45:00,2026-10-01 14:00:00,2026-10-02 14:44:48,B-BTC_USDT,15m,83392.96,83477.7,83350.0,83431.3,370.24794,38.33999999999651,127.69999999999708,0.3002349256068706,30.02349256068706,127.69999999999708,,,False,False,False,NO SIGNAL
2026-10-01 14:00:00,2026-10-01 14:15:00,2026-10-02 14:44:48,B-BTC_USDT,15m,83431.3,83565.34,83186.0,83491.18,338.07306,59.879999999990105,379.3399999999965,0.1578531133020263,15.785311330202632,379.3399999999965,,,False,False,False,NO SIGNAL
2026-10-01 14:15:00,2026-10-01 14:30:00,2026-10-02 15:06:44,B-BTC_USDT,15m,83491.18,83582.44,83441.68,83566.97,277.63734,75.79000000000815,140.7600000000093,0.5384342142654386,53.843421426543856,140.7600000000093,,,False,False,False,NO SIGNAL
2026-10-01 14:30:00,2026-10-01 14:45:00,2026-10-02 15:25:07,B-BTC_USDT,15m,83566.98,83762.01,83558.46,83690.38,230.86915,123.40000000000872,203.5499999999884,0.6062392532548061,60.62392532548061,203.5499999999884,,,False,True,False,NO SIGNAL
2026-10-01 14:45:00,2026-10-01 15:00:00,2026-10-02 15:25:07,B-BTC_USDT,15m,83690.38,83793.1,83675.38,83761.88,166.62829,71.5,117.72000000000116,0.60737342847434,60.73734284743399,117.72000000000116,,,False,True,False,NO SIGNAL
2026-10-01 15:00:00,2026-10-01 15:15:00,2026-10-02 15:45:47,B-BTC_USDT,15m,83761.88,83887.25,83761.88,83887.25,154.22692,125.36999999999534,125.36999999999534,1.0,100.0,125.36999999999534,,,False,True,False,NO SIGNAL
2026-10-01 15:15:00,2026-10-01 15:30:00,2026-10-02 16:05:16,B-BTC_USDT,15m,83887.24,83896.01,83748.0,83782.01,169.39026,105.23000000001048,148.00999999999476,0.7109654753058186,71.09654753058186,148.00999999999476,,,False,True,False,NO SIGNAL
2026-10-01 15:30:00,2026-10-01 15:45:00,2026-10-02 16:23:49,B-BTC_USDT,15m,83782.01,83817.54,83418.23,83703.56,133.89021,78.44999999999709,399.3099999999977,0.1964639002278869,19.64639002278869,399.3099999999977,,,False,False,False,NO SIGNAL
2026-10-01 15:45:00,2026-10-01 16:00:00,2026-10-02 16:42:39,B-BTC_USDT,15m,83703.55,83771.82,83548.8,83686.65,111.66013,16.90000000000873,223.02000000000407,0.0757779571339271,7.57779571339271,223.02000000000407,,,False,False,False,NO SIGNAL
2026-10-01 16:00:00,2026-10-01 16:15:00,2026-10-02 16:42:39,B-BTC_USDT,15m,83686.64,83887.25,83686.64,83884.73,69.72808,198.0899999999965,200.61000000000053,0.9874383131448876,98.74383131448876,200.61000000000053,,,False,True,False,NO SIGNAL
2026-10-01 16:15:00,2026-10-01 16:30:00,2026-10-02 17:03:18,B-BTC_USDT,15m,83884.73,84098.01,83866.0,83966.28,150.40788,81.55000000000291,232.0099999999948,0.3514934701090675,35.14934701090675,232.0099999999948,,,False,False,False,NO SIGNAL
2026-10-01 16:30:00,2026-10-01 16:45:00,2026-10-02 17:22:08,B-BTC_USDT,15m,83966.27,83966.28,83818.01,83866.65,94.133,99.6200000000099,148.27000000000407,0.6718823767451754,67.18823767451754,148.27000000000407,,,False,True,False,NO SIGNAL
2026-10-01 16:45:00,2026-10-01 17:00:00,2026-10-02 17:42:22,B-BTC_USDT,15m,83866.65,83874.01,83780.8,83874.01,64.67686,7.360000000000582,93.20999999999184,0.0789614848192385,7.896148481923849,93.20999999999184,,,False,False,False,NO SIGNAL
2026-10-01 17:00:00,2026-10-01 17:15:00,2026-10-02 17:42:22,B-BTC_USDT,15m,83874.01,83981.11,83795.71,83956.22,104.70136,82.2100000000064,185.3999999999941,0.4434196332255069,44.34196332255069,185.3999999999941,,,False,False,False,NO SIGNAL
2026-10-01 17:15:00,2026-10-01 17:30:00,2026-10-02 18:10:33,B-BTC_USDT,15m,83956.23,84048.01,83901.11,83905.76,160.50738,50.47000000000117,146.89999999999418,0.3435670524166315,34.35670524166315,146.89999999999418,,,False,False,False,NO SIGNAL
2026-10-01 17:30:00,2026-10-01 17:45:00,2026-10-02 18:10:33,B-BTC_USDT,15m,83905.76,84012.74,83905.75,83992.69,71.24903,86.93000000000757,106.99000000000524,0.8125058416674765,81.25058416674766,106.99000000000524,,,False,True,False,NO SIGNAL
2026-10-01 17:45:00,2026-10-01 18:00:00,2026-10-02 18:30:45,B-BTC_USDT,15m,83992.68,83992.69,83866.84,83912.01,125.35227,80.66999999999825,125.85000000000582,0.6410011918950697,64.10011918950697,125.85000000000582,,,False,True,False,NO SIGNAL
2026-10-01 18:00:00,2026-10-01 18:15:00,2026-10-02 18:54:36,B-BTC_USDT,15m,83912.01,84054.01,83840.0,83902.0,80.80157,10.00999999999476,214.0099999999948,0.0467735152562731,4.67735152562731,214.0099999999948,,,False,False,False,NO SIGNAL
2026-10-01 18:15:00,2026-10-01 18:30:00,2026-10-02 18:54:36,B-BTC_USDT,15m,83902.0,83930.02,83657.02,83736.02,133.47789,165.97999999999593,273.0,0.6079853479853331,60.79853479853331,273.0,,,False,True,False,NO SIGNAL
2026-10-01 18:30:00,2026-10-01 18:45:00,2026-10-02 19:16:45,B-BTC_USDT,15m,83736.02,83744.01,83502.22,83523.41,141.29746,212.61000000000053,241.7899999999936,0.8793167624798636,87.93167624798636,241.7899999999936,,,False,True,False,NO SIGNAL
2026-10-01 18:45:00,2026-10-01 19:00:00,2026-10-02 19:32:16,B-BTC_USDT,15m,83523.41,83620.01,83400.0,83476.04,233.12931,47.370000000009895,220.0099999999948,0.2153083950730013,21.530839507300133,220.0099999999948,,,False,False,False,NO SIGNAL
2026-10-01 19:00:00,2026-10-01 19:15:00,2026-10-02 19:56:37,B-BTC_USDT,15m,83476.04,83972.01,83464.0,83940.01,365.35217,463.9700000000012,508.0099999999948,0.9133087931340051,91.33087931340052,508.0099999999948,,,False,True,False,NO SIGNAL
2026-10-01 19:15:00,2026-10-01 19:30:00,2026-10-02 19:56:37,B-BTC_USDT,15m,83940.01,84023.78,83667.0,83939.67,258.55384,0.3399999999965075,356.77999999999884,0.0009529682156973,0.09529682156973,356.77999999999884,,,False,False,False,NO SIGNAL
2026-10-01 19:30:00,2026-10-01 19:45:00,2026-10-02 20:20:27,B-BTC_USDT,15m,83938.6,84041.13,83552.66,83800.0,303.89743,138.60000000000582,488.4700000000012,0.2837431162609894,28.37431162609894,488.4700000000012,,,False,False,False,NO SIGNAL
2026-10-01 19:45:00,2026-10-01 20:00:00,2026-10-02 20:38:05,B-BTC_USDT,15m,83800.0,84221.72,83791.52,84120.0,301.13808,320.0,430.1999999999971,0.7438400743840125,74.38400743840124,430.1999999999971,,,False,True,False,NO SIGNAL
2026-10-01 20:00:00,2026-10-01 20:15:00,2026-10-02 20:38:05,B-BTC_USDT,15m,84120.0,84332.01,83994.0,84020.01,282.38735,99.99000000000524,338.0099999999948,0.295819650306224,29.5819650306224,338.0099999999948,,,False,False,False,NO SIGNAL
2026-10-01 20:15:00,2026-10-01 20:30:00,2026-10-02 21:01:59,B-BTC_USDT,15m,84020.0,84091.65,83773.56,84050.65,256.01234,30.64999999999418,318.0899999999965,0.0963563771259534,9.63563771259534,318.0899999999965,,,False,False,False,NO SIGNAL
2026-10-01 20:30:00,2026-10-01 20:45:00,2026-10-02 21:22:45,B-BTC_USDT,15m,84050.65,84744.0,83850.0,84092.8,1598.71437,42.15000000000873,894.0,0.0471476510067211,4.7147651006721105,894.0,,,False,False,False,NO SIGNAL
2026-10-01 20:45:00,2026-10-01 21:00:00,2026-10-02 21:40:41,B-BTC_USDT,15m,84092.79,84248.86,84063.18,84094.26,162.22657,1.4700000000011642,185.6800000000076,0.0079168461869943,0.79168461869943,185.6800000000076,,,False,False,False,NO SIGNAL
2026-10-01 21:00:00,2026-10-01 21:15:00,2026-10-02 21:40:41,B-BTC_USDT,15m,84094.27,84094.27,83831.99,83889.44,196.24709,204.8300000000017,262.27999999999884,0.7809592801586193,78.09592801586193,262.27999999999884,,,False,True,False,NO SIGNAL
2026-10-01 21:15:00,2026-10-01 21:30:00,2026-10-02 22:03:17,B-BTC_USDT,15m,83889.44,84308.92,83889.02,84162.65,278.74413,273.20999999999185,419.8999999999942,0.65065491783757,65.065491783757,419.8999999999942,,,False,True,False,NO SIGNAL
2026-10-01 21:30:00,2026-10-01 21:45:00,2026-10-02 22:22:46,B-BTC_USDT,15m,84162.66,84317.29,84139.24,84317.29,183.5146,154.6299999999901,178.04999999998836,0.8684639146307229,86.8463914630723,178.04999999998836,,,False,True,False,NO SIGNAL
2026-10-01 21:45:00,2026-10-01 22:00:00,2026-10-02 22:41:22,B-BTC_USDT,15m,84317.29,84426.24,84265.82,84305.49,189.78705,11.799999999988358,160.41999999999825,0.0735569131030325,7.35569131030325,160.41999999999825,,,False,False,False,NO SIGNAL
2026-10-01 22:00:00,2026-10-01 22:15:00,2026-10-02 22:41:22,B-BTC_USDT,15m,84305.49,84625.98,84196.0,84329.81,236.30152,24.31999999999244,429.9799999999959,0.0565607702683675,5.6560770268367495,429.9799999999959,,,False,False,False,NO SIGNAL
2026-10-01 22:15:00,2026-10-01 22:30:00,2026-10-02 23:02:36,B-BTC_USDT,15m,84329.82,84412.01,84064.0,84202.01,142.13507,127.81000000001222,348.0099999999948,0.3672595615068939,36.725956150689385,348.0099999999948,,,False,False,False,NO SIGNAL
2026-10-01 22:30:00,2026-10-01 22:45:00,2026-10-02 23:20:12,B-BTC_USDT,15m,84202.0,84486.01,84198.0,84432.89,172.58407,230.88999999999945,288.0099999999948,0.8016735530016444,80.16735530016444,288.0099999999948,,,False,True,False,NO SIGNAL
2026-10-01 22:45:00,2026-10-01 23:00:00,2026-10-02 23:36:59,B-BTC_USDT,15m,84432.9,84920.0,84432.9,84919.19,268.71243,486.29000000000815,487.1000000000058,0.998337097105322,99.8337097105322,487.1000000000058,,,False,True,False,NO SIGNAL
2026-10-01 23:00:00,2026-10-01 23:15:00,2026-10-02 23:36:59,B-BTC_USDT,15m,84919.18,85055.0,84772.38,85054.99,359.33352,135.81000000001222,282.61999999999534,0.4805392399689139,48.05392399689139,282.61999999999534,,,False,False,False,NO SIGNAL
2026-10-01 23:15:00,2026-10-01 23:30:00,2026-10-03 00:02:22,B-BTC_USDT,15m,85054.99,85078.85,84792.7,84908.01,360.51232,146.98000000001048,286.1500000000088,0.5136466887996016,51.36466887996016,286.1500000000088,,,False,False,False,NO SIGNAL
2026-10-01 23:30:00,2026-10-01 23:45:00,2026-10-03 00:23:15,B-BTC_USDT,15m,84908.0,84989.29,84692.35,84881.46,204.49001,26.5399999999936,296.9399999999878,0.0893783255876429,8.93783255876429,296.9399999999878,,,False,False,False,NO SIGNAL
2026-10-01 23:45:00,2026-10-02 00:00:00,2026-10-03 00:42:20,B-BTC_USDT,15m,84881.47,84947.28,84802.51,84802.95,118.02029,78.52000000000407,144.77000000000407,0.5423775644125293,54.23775644125293,144.77000000000407,,,False,False,False,NO SIGNAL
2026-10-02 00:00:00,2026-10-02 00:15:00,2026-10-03 00:42:20,B-BTC_USDT,15m,84802.95,85273.65,84793.44,84972.0,352.66308,169.0500000000029,480.2099999999919,0.3520334853501713,35.203348535017135,480.2099999999919,,,False,False,False,NO SIGNAL
2026-10-02 00:15:00,2026-10-02 00:30:00,2026-10-03 01:03:47,B-BTC_USDT,15m,84972.01,84972.01,84671.01,84802.02,147.98177,169.9899999999907,301.0,0.5647508305647531,56.475083056475306,301.0,,,False,False,False,NO SIGNAL
2026-10-02 00:30:00,2026-10-02 00:45:00,2026-10-03 01:22:27,B-BTC_USDT,15m,84802.02,84892.01,84733.52,84800.19,92.19043,1.8300000000017465,158.4899999999907,0.0115464698088324,1.15464698088324,158.4899999999907,,,False,False,False,NO SIGNAL
2026-10-02 00:45:00,2026-10-02 01:00:00,2026-10-03 01:39:41,B-BTC_USDT,15m,84800.18,84820.0,84601.0,84612.01,125.73745,188.16999999999825,219.0,0.8592237442922295,85.92237442922294,219.0,,,False,True,False,NO SIGNAL
2026-10-02 01:00:00,2026-10-02 01:15:00,2026-10-03 01:59:32,B-BTC_USDT,15m,84612.0,84766.0,84601.0,84648.48,113.32232,36.479999999995925,165.0,0.2210909090908843,22.10909090908843,165.0,,,False,False,False,NO SIGNAL
2026-10-02 01:15:00,2026-10-02 01:30:00,2026-10-03 01:59:32,B-BTC_USDT,15m,84648.48,84698.01,84585.81,84675.36,136.19664,26.880000000004657,112.19999999999708,0.2395721925134167,23.95721925134167,112.19999999999708,,,False,False,False,NO SIGNAL
2026-10-02 01:30:00,2026-10-02 01:45:00,2026-10-03 02:19:09,B-BTC_USDT,15m,84675.36,84860.05,84675.35,84786.01,124.42154,110.64999999999418,184.6999999999971,0.5990795885219053,59.90795885219053,184.6999999999971,,,False,False,False,NO SIGNAL
2026-10-02 01:45:00,2026-10-02 02:00:00,2026-10-03 02:33:53,B-BTC_USDT,15m,84786.0,84845.05,84766.65,84766.65,108.12422,19.35000000000582,78.40000000000873,0.2468112244898427,24.68112244898427,78.40000000000873,,,False,False,False,NO SIGNAL
2026-10-02 02:00:00,2026-10-02 02:15:00,2026-10-03 02:54:28,B-BTC_USDT,15m,84766.66,84768.01,84603.43,84609.99,67.46116,156.66999999999825,164.58000000000175,0.9519382671041232,95.19382671041232,164.58000000000175,,,False,True,False,NO SIGNAL
2026-10-02 02:15:00,2026-10-02 02:30:00,2026-10-03 03:14:34,B-BTC_USDT,15m,84609.99,84665.31,84563.54,84634.0,94.35663,24.00999999999476,101.77000000000407,0.2359241426745976,23.59241426745976,101.77000000000407,,,False,False,False,NO SIGNAL
2026-10-02 02:30:00,2026-10-02 02:45:00,2026-10-03 03:28:32,B-BTC_USDT,15m,84634.01,84658.01,84619.55,84619.56,42.54664,14.44999999999709,38.45999999999185,0.3757150286011479,37.57150286011479,38.45999999999185,,,False,False,False,NO SIGNAL
2026-10-02 02:45:00,2026-10-02 03:00:00,2026-10-03 03:28:32,B-BTC_USDT,15m,84619.55,84687.4,84566.02,84591.35,93.39341,28.19999999999709,121.3799999999901,0.2323282254078051,23.23282254078051,121.3799999999901,,,False,False,False,NO SIGNAL
2026-10-02 03:00:00,2026-10-02 03:15:00,2026-10-03 03:50:06,B-BTC_USDT,15m,84591.34,84614.01,84493.35,84494.07,86.6822,97.26999999998952,120.65999999998894,0.8061495110226955,80.61495110226954,120.65999999998894,,,False,True,False,NO SIGNAL
2026-10-02 03:15:00,2026-10-02 03:30:00,2026-10-03 04:08:47,B-BTC_USDT,15m,84494.06,84572.0,84494.06,84544.99,80.04908,50.93000000000757,77.94000000000233,0.6534513728509885,65.34513728509886,77.94000000000233,,,False,True,False,NO SIGNAL
2026-10-02 03:30:00,2026-10-02 03:45:00,2026-10-03 04:25:32,B-BTC_USDT,15m,84544.99,84788.01,84537.12,84748.6,100.93483,203.61000000000053,250.88999999999945,0.8115508788712227,81.15508788712226,250.88999999999945,,,False,True,False,NO SIGNAL
2026-10-02 03:45:00,2026-10-02 04:00:00,2026-10-03 04:43:29,B-BTC_USDT,15m,84748.59,84769.74,84702.34,84702.34,58.80773,46.25,67.40000000000873,0.6862017804153414,68.62017804153415,67.40000000000873,,,False,True,False,NO SIGNAL
2026-10-02 04:00:00,2026-10-02 04:15:00,2026-10-03 04:43:29,B-BTC_USDT,15m,84702.34,84785.07,84659.46,84678.18,239.47047,24.16000000000349,125.61000000000058,0.1923413740944461,19.23413740944461,125.61000000000058,,,False,False,False,NO SIGNAL
2026-10-02 04:15:00,2026-10-02 04:30:00,2026-10-03 05:00:53,B-BTC_USDT,15m,84678.18,84780.01,84622.88,84749.73,54.75466,71.55000000000291,157.1299999999901,0.4553554381722612,45.53554381722612,157.1299999999901,,,False,False,False,NO SIGNAL
2026-10-02 04:30:00,2026-10-02 04:45:00,2026-10-03 05:29:55,B-BTC_USDT,15m,84749.74,84749.74,84668.12,84668.13,57.28313,81.61000000000058,81.6200000000099,0.9998774810094424,99.98774810094424,81.6200000000099,,,False,True,False,NO SIGNAL
2026-10-02 04:45:00,2026-10-02 05:00:00,2026-10-03 05:29:55,B-BTC_USDT,15m,84668.13,84769.0,84644.69,84729.98,102.64096,61.84999999999127,124.30999999999769,0.4975464564394853,49.75464564394853,124.30999999999769,,,False,False,False,NO SIGNAL
2026-10-02 05:00:00,2026-10-02 05:15:00,2026-10-03 05:57:56,B-BTC_USDT,15m,84729.99,84858.57,84703.48,84838.01,90.64753,108.01999999998952,155.09000000001106,0.6964988071441216,69.64988071441216,155.09000000001106,,,False,True,False,NO SIGNAL
2026-10-02 05:15:00,2026-10-02 05:30:00,2026-10-03 05:57:56,B-BTC_USDT,15m,84838.0,84900.0,84790.0,84880.05,83.69521,42.05000000000291,110.0,0.3822727272727537,38.22727272727537,110.0,,,False,False,False,NO SIGNAL
2026-10-02 05:30:00,2026-10-02 05:45:00,2026-10-03 06:21:54,B-BTC_USDT,15m,84880.05,84920.01,84772.21,84888.53,413.29644,8.479999999995925,147.79999999998836,0.0573748308524803,5.73748308524803,147.79999999998836,,,False,False,False,NO SIGNAL
2026-10-02 05:45:00,2026-10-02 06:00:00,2026-10-03 06:39:29,B-BTC_USDT,15m,84888.52,84958.48,84802.02,84802.02,209.60613,86.5,156.45999999999185,0.5528569602454589,55.28569602454589,156.45999999999185,,,False,False,False,NO SIGNAL
2026-10-02 06:00:00,2026-10-02 06:15:00,2026-10-03 06:59:28,B-BTC_USDT,15m,84802.02,84890.01,84705.04,84824.15,122.41362,22.129999999990105,184.97000000000116,0.11964102286851903,11.964102286851903,184.97000000000116,,,False,False,False,NO SIGNAL
2026-10-02 06:15:00,2026-10-02 06:30:00,2026-10-03 06:59:28,B-BTC_USDT,15m,84824.15,84824.16,84723.52,84784.89,56.06645,39.25999999999476,100.63999999999942,0.3901033386327006,39.010333863270056,100.63999999999942,,,False,False,False,NO SIGNAL
2026-10-02 06:30:00,2026-10-02 06:45:00,2026-10-03 06:59:28,B-BTC_USDT,15m,84784.89,84792.7,84667.64,84667.64,57.51476,117.25,125.05999999999767,0.9375499760115319,93.75499760115319,125.05999999999767,,,False,True,False,NO SIGNAL
2026-10-02 06:45:00,2026-10-02 07:00:00,2026-10-03 06:59:28,B-BTC_USDT,15m,84667.65,84700.01,84520.0,84614.01,102.61198,53.63999999999942,180.00999999999476,0.2979834453641519,29.79834453641519,180.00999999999476,,,False,False,False,NO SIGNAL
2026-10-02 07:00:00,2026-10-02 07:15:00,2026-10-03 06:59:28,B-BTC_USDT,15m,84614.0,84650.0,84578.0,84578.01,57.50087,35.99000000000524,72.0,0.49986111111118386,49.98611111111838,72.0,,,False,False,False,NO SIGNAL
2026-10-02 07:15:00,2026-10-02 07:30:00,2026-10-03 06:59:28,B-BTC_USDT,15m,84578.01,84986.39,84577.14,84910.0,155.08876,331.99000000000524,409.25,0.8112156383628717,81.12156383628717,409.25,,,False,True,False,NO SIGNAL
2026-10-02 07:30:00,2026-10-02 07:45:00,2026-10-03 06:59:28,B-BTC_USDT,15m,84910.01,85109.0,84866.51,85086.02,190.61854,176.0100000000093,242.49000000000524,0.7258443647160935,72.58443647160935,242.49000000000524,,,False,True,False,NO SIGNAL
2026-10-02 07:45:00,2026-10-02 08:00:00,2026-10-03 06:59:28,B-BTC_USDT,15m,85086.02,85086.02,84876.0,84934.01,162.03828,152.0100000000093,210.02000000000407,0.7237882106466353,72.37882106466354,210.02000000000407,,,False,True,False,NO SIGNAL
2026-10-02 08:00:00,2026-10-02 08:15:00,2026-10-03 06:59:28,B-BTC_USDT,15m,84934.0,84988.01,84868.0,84988.01,82.76936,54.00999999999476,120.00999999999476,0.45004582951418315,45.004582951418314,120.00999999999476,,,False,False,False,NO SIGNAL
2026-10-02 08:15:00,2026-10-02 08:30:00,2026-10-03 06:59:28,B-BTC_USDT,15m,84988.01,85189.97,84988.0,85188.0,206.40158,199.99000000000524,201.97000000000116,0.990196563846136,99.0196563846136,201.97000000000116,,,False,True,False,NO SIGNAL
2026-10-02 08:30:00,2026-10-02 08:45:00,2026-10-03 06:59:28,B-BTC_USDT,15m,85187.99,85511.0,85187.99,85306.0,439.22208,118.00999999999476,323.00999999999476,0.3653447261694581,36.53447261694581,323.00999999999476,,,False,False,False,NO SIGNAL
2026-10-02 08:45:00,2026-10-02 09:00:00,2026-10-03 06:59:28,B-BTC_USDT,15m,85306.01,85335.38,85206.0,85280.93,61.11087,25.080000000001746,129.38000000000466,0.19384758076983183,19.384758076983182,129.38000000000466,,,False,False,False,NO SIGNAL
2026-10-02 09:00:00,2026-10-02 09:15:00,2026-10-03 06:59:28,B-BTC_USDT,15m,85280.94,85462.55,85280.0,85425.87,125.99985,144.92999999999302,182.5500000000029,0.7939194741166294,79.39194741166294,182.5500000000029,,,False,True,False,NO SIGNAL
2026-10-02 09:15:00,2026-10-02 09:30:00,2026-10-03 06:59:28,B-BTC_USDT,15m,85425.87,85569.0,85384.85,85512.9,153.22963,87.02999999999884,184.14999999999418,0.4726038555525473,47.26038555525473,184.14999999999418,190.39357142857105,228.47228571428525,False,False,False,NO SIGNAL
2026-10-02 09:30:00,2026-10-02 09:45:00,2026-10-03 06:59:28,B-BTC_USDT,15m,85512.89,85616.0,85453.36,85463.58,177.68933,49.30999999999767,162.63999999999942,0.30318494835217563,30.318494835217564,162.63999999999942,188.79857142857094,226.55828571428512,False,False,False,NO SIGNAL
2026-10-02 09:45:00,2026-10-02 10:00:00,2026-10-03 06:59:28,B-BTC_USDT,15m,85463.59,86804.78,85463.58,86788.12,1383.69591,1324.5299999999988,1341.199999999997,0.9875708320906663,98.75708320906664,1341.199999999997,277.40999999999934,332.8919999999992,True,True,True,VALID SIGNAL
2026-10-02 10:00:00,2026-10-02 10:15:00,2026-10-03 06:59:28,B-BTC_USDT,15m,86788.12,86912.75,86379.87,86525.32,816.84676,262.79999999998836,532.8800000000047,0.49316919381471636,49.316919381471635,532.8800000000047,306.53999999999985,367.8479999999998,False,False,False,NO SIGNAL
2026-10-02 10:15:00,2026-10-02 10:30:00,2026-10-03 06:59:28,B-BTC_USDT,15m,86525.33,86770.33,86459.47,86652.12,299.31348,126.7899999999936,310.8600000000006,0.40786849385573365,40.78684938557336,310.8600000000006,315.88642857142884,379.0637142857146,False,False,False,NO SIGNAL
2026-10-02 10:30:00,2026-10-02 10:45:00,2026-10-03 06:59:28,B-BTC_USDT,15m,86652.12,86670.36,86500.0,86576.0,233.42265,76.11999999999534,170.36000000000058,0.4468185019957448,44.68185019957448,170.36000000000058,322.9121428571431,387.49457142857176,False,False,False,NO SIGNAL
2026-10-02 10:45:00,2026-10-02 11:00:00,2026-10-03 06:59:28,B-BTC_USDT,15m,86576.01,86592.01,86288.59,86346.52,229.33152,229.4899999999907,303.41999999999825,0.7563443411772197,75.63443411772197,303.41999999999825,315.3528571428573,378.42342857142876,False,True,False,NO SIGNAL
2026-10-02 11:00:00,2026-10-02 11:15:00,2026-10-03 06:59:28,B-BTC_USDT,15m,86346.52,86396.01,85893.27,86137.34,271.09477,209.18000000000757,502.7399999999907,0.41607988224531856,41.60798822453186,502.7399999999907,333.94214285714196,400.73057142857033,False,False,False,NO SIGNAL
2026-10-02 11:15:00,2026-10-02 11:30:00,2026-10-03 06:59:28,B-BTC_USDT,15m,86137.34,86169.78,85966.01,86002.01,146.19139,135.33000000000175,203.77000000000407,0.6641311282328068,66.41311282328068,203.77000000000407,333.4957142857134,400.19485714285605,False,True,False,NO SIGNAL
2026-10-02 11:30:00,2026-10-02 11:45:00,2026-10-03 06:59:28,B-BTC_USDT,15m,86002.01,86098.62,85875.32,85902.73,308.9175,99.27999999999884,223.29999999998836,0.44460367218989705,44.4603672189897,223.29999999998836,340.8735714285701,409.0482857142841,False,False,False,NO SIGNAL
2026-10-02 11:45:00,2026-10-02 12:00:00,2026-10-03 06:59:28,B-BTC_USDT,15m,85902.73,86056.02,85902.72,86025.96,221.24907,123.23000000001048,153.3000000000029,0.8038486627528254,80.38486627528255,153.3000000000029,337.39714285714166,404.87657142857,False,True,False,NO SIGNAL
2026-10-02 12:00:00,2026-10-02 12:15:00,2026-10-03 06:59:28,B-BTC_USDT,15m,86025.97,86096.01,85930.36,86002.01,150.45262,23.960000000006403,165.64999999999418,0.14464231814070175,14.464231814070175,165.64999999999418,326.1571428571416,391.3885714285699,False,False,False,NO SIGNAL
2026-10-02 12:15:00,2026-10-02 12:30:00,2026-10-03 06:59:28,B-BTC_USDT,15m,86002.0,86098.0,85945.64,85992.95,146.53582,9.05000000000291,152.36000000000058,0.05939879233396479,5.939879233396479,152.36000000000058,327.7985714285699,393.3582857142839,False,False,False,NO SIGNAL
2026-10-02 12:30:00,2026-10-02 12:45:00,2026-10-03 06:59:28,B-BTC_USDT,15m,85992.96,86077.79,85900.0,85956.67,181.79461,36.29000000000815,177.7899999999936,0.20411721694138846,20.411721694138844,177.7899999999936,327.4585714285692,392.95028571428304,False,False,False,NO SIGNAL
2026-10-02 12:45:00,2026-10-02 13:00:00,2026-10-03 06:59:28,B-BTC_USDT,15m,85956.67,85979.21,85896.0,85956.01,138.968,0.6600000000034925,83.2100000000064,0.007931738973722409,0.7931738973722409,83.2100000000064,320.2485714285701,384.2982857142841,False,False,False,NO SIGNAL
2026-10-02 13:00:00,2026-10-02 13:15:00,2026-10-03 06:59:28,B-BTC_USDT,15m,85956.01,85956.01,85767.45,85768.82,451.89969,187.18999999998778,188.55999999999767,0.9927344081458956,99.27344081458956,188.55999999999767,322.09999999999854,386.5199999999982,False,True,False,NO SIGNAL
2026-10-02 13:15:00,2026-10-02 13:30:00,2026-10-03 06:59:28,B-BTC_USDT,15m,85768.83,86163.5,85768.82,86089.65,448.07748,320.81999999999243,394.679999999993,0.812861051991482,81.2861051991482,394.679999999993,254.49142857142684,305.3897142857122,True,True,True,VALID SIGNAL
2026-10-02 13:30:00,2026-10-02 13:45:00,2026-10-03 06:59:28,B-BTC_USDT,15m,86089.64,86342.81,86062.28,86320.01,249.99172,230.36999999999534,280.52999999999884,0.8211955940540987,82.11955940540987,280.52999999999884,236.4664285714264,283.75971428571165,False,True,False,NO SIGNAL
2026-10-02 13:45:00,2026-10-02 14:00:00,2026-10-03 06:59:28,B-BTC_USDT,15m,86320.01,86640.61,86316.0,86400.0,233.50405,79.99000000000524,324.6100000000006,0.24641877945844273,24.641877945844275,324.6100000000006,237.44857142856927,284.9382857142831,False,False,False,NO SIGNAL
2026-10-02 14:00:00,2026-10-02 14:15:00,2026-10-03 06:59:28,B-BTC_USDT,15m,86400.0,86474.01,86258.1,86323.84,109.20076,76.16000000000349,215.90999999998894,0.352739567412382,35.2739567412382,215.90999999998894,240.70214285713988,288.84257142856785,False,False,False,NO SIGNAL
2026-10-02 14:15:00,2026-10-02 14:30:00,2026-10-03 06:59:28,B-BTC_USDT,15m,86323.83,86344.01,86197.0,86236.0,144.26192,87.83000000000175,147.00999999999476,0.5974423508605189,59.74423508605189,147.00999999999476,229.52999999999676,275.4359999999961,False,False,False,NO SIGNAL
2026-10-02 14:30:00,2026-10-02 14:45:00,2026-10-03 06:59:28,B-BTC_USDT,15m,86236.01,86255.0,86138.0,86194.03,436.14834,41.979999999995925,117.0,0.35880341880338396,35.88034188033839,117.0,201.97714285714028,242.37257142856834,False,False,False,NO SIGNAL
2026-10-02 14:45:00,2026-10-02 15:00:00,2026-10-03 06:59:28,B-BTC_USDT,15m,86194.02,86240.0,86108.0,86209.07,691.08297,15.05000000000291,132.0,0.11401515151517357,11.401515151517357,132.0,196.8507142857114,236.22085714285367,False,False,False,NO SIGNAL
2026-10-02 15:00:00,2026-10-02 15:15:00,2026-10-03 06:59:28,B-BTC_USDT,15m,86209.08,86408.01,86176.36,86338.14,174.52913,129.05999999999767,231.64999999999418,0.5571336067343013,55.71336067343013,231.64999999999418,197.4471428571404,236.93657142856847,False,False,False,NO SIGNAL
2026-10-02 15:15:00,2026-10-02 15:30:00,2026-10-03 06:59:28,B-BTC_USDT,15m,86338.14,86432.01,86284.66,86364.02,139.5411,25.880000000004657,147.34999999999127,0.17563624024435825,17.563624024435825,147.34999999999127,197.02214285713958,236.42657142856748,False,False,False,NO SIGNAL
2026-10-02 15:30:00,2026-10-02 15:45:00,2026-10-03 06:59:28,B-BTC_USDT,15m,86364.01,86438.46,86322.03,86336.01,80.3563,28.0,116.43000000000757,0.24048784677487056,24.048784677487056,116.43000000000757,193.50642857142626,232.2077142857115,False,False,False,NO SIGNAL
2026-10-02 15:45:00,2026-10-02 16:00:00,2026-10-03 06:59:28,B-BTC_USDT,15m,86336.01,86413.54,86172.0,86409.39,173.42076,73.38000000000466,241.5399999999936,0.30380061273497805,30.380061273497805,241.5399999999936,199.87642857142575,239.8517142857109,False,False,False,NO SIGNAL
2026-10-02 16:00:00,2026-10-02 16:15:00,2026-10-03 06:59:28,B-BTC_USDT,15m,86408.18,86500.0,86350.78,86428.01,115.40576,19.830000000001746,149.22000000000116,0.1328910333735531,13.289103337355309,149.22000000000116,197.835714285712,237.40285714285437,False,False,False,NO SIGNAL
2026-10-02 16:15:00,2026-10-02 16:30:00,2026-10-03 06:59:28,B-BTC_USDT,15m,86428.0,86428.01,86292.0,86297.6,83.34264,130.39999999999418,136.00999999999476,0.9587530328652246,95.87530328652247,136.00999999999476,201.60714285713973,241.92857142856766,False,True,False,NO SIGNAL
2026-10-02 16:30:00,2026-10-02 16:45:00,2026-10-03 06:59:28,B-BTC_USDT,15m,86297.6,86500.0,86274.0,86458.01,106.76281,160.40999999998894,226.0,0.709778761061898,70.9778761061898,226.0,204.2814285714256,245.13771428571073,False,True,False,NO SIGNAL
2026-10-02 16:45:00,2026-10-02 17:00:00,2026-10-03 06:59:28,B-BTC_USDT,15m,86458.0,86500.0,86426.0,86431.33,95.9921,26.669999999998254,74.0,0.3604054054053818,36.04054054053818,74.0,181.37571428571184,217.6508571428542,False,False,False,NO SIGNAL
2026-10-02 17:00:00,2026-10-02 17:15:00,2026-10-03 06:59:28,B-BTC_USDT,15m,86431.34,86547.85,86425.21,86497.53,152.37446,66.19000000000233,122.63999999999942,0.5397097195042616,53.97097195042616,122.63999999999942,170.09785714285474,204.11742857142568,False,False,False,NO SIGNAL
2026-10-02 17:15:00,2026-10-02 17:30:00,2026-10-03 06:59:28,B-BTC_USDT,15m,86497.53,86562.5,86424.85,86424.85,114.58487,72.67999999999302,137.64999999999418,0.5280058118415989,52.80058118415989,137.64999999999418,156.74357142856857,188.09228571428227,False,False,False,NO SIGNAL
2026-10-02 17:30:00,2026-10-02 17:45:00,2026-10-03 06:59:28,B-BTC_USDT,15m,86424.85,86483.2,86308.0,86406.03,114.71136,18.820000000006985,175.1999999999971,0.10742009132424257,10.742009132424258,175.1999999999971,153.835714285712,184.6028571428544,False,False,False,NO SIGNAL
2026-10-02 17:45:00,2026-10-02 18:00:00,2026-10-03 06:59:28,B-BTC_USDT,15m,86406.02,86662.01,86398.29,86616.35,235.70583,210.33000000000175,263.72000000000116,0.7975504322766601,79.75504322766601,263.72000000000116,162.17214285714104,194.60657142856925,True,True,True,VALID SIGNAL
2026-10-02 18:00:00,2026-10-02 18:15:00,2026-10-03 06:59:28,B-BTC_USDT,15m,86616.35,87220.0,86412.04,86476.0,1391.8493,140.35000000000582,807.9600000000064,0.173709094509635,17.370909450963502,807.9600000000064,211.5264285714272,253.83171428571262,False,False,False,NO SIGNAL
2026-10-02 18:15:00,2026-10-02 18:30:00,2026-10-03 06:59:28,B-BTC_USDT,15m,86476.01,86900.65,86456.0,86810.0,239.45424,333.99000000000524,444.6499999999942,0.7511301023276951,75.11301023276951,444.6499999999942,233.85857142856963,280.63028571428356,True,True,True,VALID SIGNAL
2026-10-02 18:30:00,2026-10-02 18:45:00,2026-10-03 06:59:28,B-BTC_USDT,15m,86810.01,86949.61,86672.0,86692.0,216.91026,118.00999999999476,277.6100000000006,0.4250927560246191,42.50927560246191,277.6100000000006,237.14142857142724,284.5697142857127,False,False,False,NO SIGNAL
2026-10-02 18:45:00,2026-10-02 19:00:00,2026-10-03 06:59:28,B-BTC_USDT,15m,86692.01,86757.42,86600.0,86606.58,128.1052,85.42999999999302,157.41999999999825,0.5426883496378729,54.26883496378729,157.41999999999825,237.86071428571344,285.4328571428561,False,False,False,NO SIGNAL
2026-10-02 19:00:00,2026-10-02 19:15:00,2026-10-03 06:59:28,B-BTC_USDT,15m,86606.58,87150.0,86574.0,86900.31,471.14487,293.7299999999959,576.0,0.5099479166666596,50.99479166666596,576.0,270.6871428571415,324.8245714285698,False,False,False,NO SIGNAL
2026-10-02 19:15:00,2026-10-02 19:30:00,2026-10-03 06:59:28,B-BTC_USDT,15m,86900.84,86996.01,86465.72,86565.05,437.92265,335.7899999999936,530.2899999999936,0.6332195591091623,63.32195591091623,530.2899999999936,291.3121428571415,349.5745714285698,False,True,False,NO SIGNAL
2026-10-02 19:30:00,2026-10-02 19:45:00,2026-10-03 06:59:28,B-BTC_USDT,15m,86565.06,86838.01,86291.75,86356.0,501.08594,209.05999999999767,546.2599999999948,0.38271152930838737,38.27115293083874,546.2599999999948,319.672142857141,383.6065714285692,False,False,False,NO SIGNAL
2026-10-02 19:45:00,2026-10-02 20:00:00,2026-10-03 06:59:28,B-BTC_USDT,15m,86356.0,86645.83,86077.31,86081.86,449.09436,274.1399999999994,568.5200000000041,0.482199394920139,48.2199394920139,568.5200000000041,350.5657142857131,420.67885714285575,False,False,False,NO SIGNAL
2026-10-02 20:00:00,2026-10-02 20:15:00,2026-10-03 06:59:28,B-BTC_USDT,15m,86081.86,86171.59,85691.68,85954.0,740.91744,127.86000000000058,479.9100000000035,0.26642495467900157,26.642495467900158,479.9100000000035,368.70214285714195,442.4425714285703,False,False,False,NO SIGNAL
2026-10-02 20:15:00,2026-10-02 20:30:00,2026-10-03 06:59:28,B-BTC_USDT,15m,85954.0,86056.0,85394.44,85686.93,469.91011,267.070000000007,661.5599999999977,0.40369732148256837,40.36973214825684,661.5599999999977,410.6707142857132,492.8048571428558,False,False,False,NO SIGNAL
2026-10-02 20:30:00,2026-10-02 20:45:00,2026-10-03 06:59:28,B-BTC_USDT,15m,85686.93,85758.81,85366.0,85639.2,374.23565,47.729999999995925,392.8099999999977,0.12150912654972176,12.150912654972176,392.8099999999977,429.9685714285702,515.9622857142842,False,False,False,NO SIGNAL
2026-10-02 20:45:00,2026-10-02 21:00:00,2026-10-03 06:59:28,B-BTC_USDT,15m,85639.19,85688.03,85315.86,85484.01,307.12603,155.18000000000757,372.16999999999825,0.41695999140180107,41.695999140180106,372.16999999999825,446.71999999999906,536.0639999999988,False,False,False,NO SIGNAL
2026-10-02 21:00:00,2026-10-02 21:15:00,2026-10-03 06:59:28,B-BTC_USDT,15m,85484.0,85554.46,85325.96,85341.49,265.82448,142.50999999999476,228.5,0.6236761487964759,62.36761487964759,228.5,450.52714285714217,540.6325714285706,False,True,False,NO SIGNAL
2026-10-02 21:15:00,2026-10-02 21:30:00,2026-10-03 06:59:28,B-BTC_USDT,15m,85341.5,85450.0,85162.9,85326.0,233.59176,15.5,287.1000000000058,0.053988157436432205,5.398815743643221,287.1000000000058,452.19714285714247,542.636571428571,False,False,False,NO SIGNAL
2026-10-02 21:30:00,2026-10-02 21:45:00,2026-10-03 06:59:28,B-BTC_USDT,15m,85326.0,85508.0,85142.85,85208.01,231.14838,117.99000000000524,365.1499999999942,0.3231274818567907,32.31274818567907,365.1499999999942,420.56785714285587,504.68142857142703,False,False,False,NO SIGNAL
2026-10-02 21:45:00,2026-10-02 22:00:00,2026-10-03 06:59:28,B-BTC_USDT,15m,85208.01,85339.37,85122.0,85178.7,148.04871,29.30999999999767,217.36999999999534,0.134839214242988,13.483921424298801,217.36999999999534,404.3335714285703,485.2002857142843,False,False,False,NO SIGNAL
2026-10-02 22:00:00,2026-10-02 22:15:00,2026-10-03 06:59:28,B-BTC_USDT,15m,85178.69,85238.01,85018.0,85192.0,167.7679,13.309999999997672,220.00999999999476,0.06049725012498518,6.049725012498517,220.00999999999476,400.2192857142841,480.2631428571409,False,False,False,NO SIGNAL
2026-10-02 22:15:00,2026-10-02 22:30:00,2026-10-03 06:59:28,B-BTC_USDT,15m,85192.0,85296.97,85094.0,85160.01,127.78414,31.99000000000524,202.97000000000116,0.15760949894075507,15.760949894075507,202.97000000000116,403.4728571428558,484.1674285714269,False,False,False,NO SIGNAL
2026-10-02 22:30:00,2026-10-02 22:45:00,2026-10-03 06:59:28,B-BTC_USDT,15m,85160.0,85258.01,84914.07,84919.91,239.61036,240.0899999999965,343.9399999999878,0.6980578007792203,69.80578007792204,343.9399999999878,386.89714285714064,464.27657142856873,False,True,False,NO SIGNAL
2026-10-02 22:45:00,2026-10-02 23:00:00,2026-10-03 06:59:28,B-BTC_USDT,15m,84919.91,84982.01,84300.0,84584.74,1729.1515,335.16999999999825,682.0099999999948,0.491444406973506,49.1444406973506,682.0099999999948,397.73428571428354,477.28114285714025,False,False,False,NO SIGNAL
2026-10-02 23:00:00,2026-10-02 23:15:00,2026-10-03 06:59:28,B-BTC_USDT,15m,84584.75,84785.5,84367.13,84604.22,1515.22821,19.470000000001164,418.36999999999534,0.046537753663028855,4.653775366302885,418.36999999999534,388.5992857142836,466.3191428571403,False,False,False,NO SIGNAL
2026-10-02 23:15:00,2026-10-02 23:30:00,2026-10-03 06:59:28,B-BTC_USDT,15m,84604.21,84819.5,84584.0,84774.75,143.54637,170.5399999999936,235.5,0.7241613588110132,72.41613588110131,235.5,364.81214285714043,437.7745714285685,False,True,False,NO SIGNAL
2026-10-02 23:30:00,2026-10-02 23:45:00,2026-10-03 06:59:28,B-BTC_USDT,15m,84774.75,84900.0,84768.0,84891.22,170.09473,116.47000000000116,132.0,0.8823484848484937,88.23484848484937,132.0,339.9614285714259,407.9537142857111,False,True,False,NO SIGNAL
2026-10-02 23:45:00,2026-10-03 00:00:00,2026-10-03 06:59:28,B-BTC_USDT,15m,84891.21,84891.21,84556.75,84621.24,207.9027,269.97000000000116,334.4600000000064,0.8071817257668958,80.71817257668958,334.47000000000116,316.5978571428547,379.91742857142566,False,True,False,NO SIGNAL
2026-10-03 00:00:00,2026-10-03 00:15:00,2026-10-03 06:59:28,B-BTC_USDT,15m,84621.25,84636.4,83900.0,84040.72,540.03225,580.5299999999988,736.3999999999942,0.7883351439435136,78.83351439435135,736.3999999999942,341.1399999999973,409.36799999999675,True,True,True,VALID SIGNAL
2026-10-03 00:15:00,2026-10-03 00:30:00,2026-10-03 06:59:28,B-BTC_USDT,15m,84040.88,84296.01,83888.0,84262.01,250.53167,221.1299999999901,408.00999999999476,0.5419720104899217,54.19720104899217,408.00999999999476,343.6999999999971,412.4399999999965,False,False,False,NO SIGNAL
2026-10-03 00:30:00,2026-10-03 00:45:00,2026-10-03 06:59:28,B-BTC_USDT,15m,84262.01,84315.44,84082.41,84129.76,195.71585,132.25,233.02999999999884,0.5675234948289948,56.752349482899476,233.02999999999884,344.02357142856846,412.8282857142821,False,False,False,NO SIGNAL
2026-10-03 00:45:00,2026-10-03 01:00:00,2026-10-03 06:59:28,B-BTC_USDT,15m,84129.76,84188.01,83975.58,84141.01,288.19747,11.25,212.42999999999302,0.052958621663608575,5.295862166360857,212.42999999999302,338.6899999999961,406.4279999999953,False,False,False,NO SIGNAL
2026-10-03 01:00:00,2026-10-03 01:15:00,2026-10-03 06:59:28,B-BTC_USDT,15m,84141.01,84239.76,84100.0,84186.01,351.87329,45.0,139.75999999999476,0.3219805380652668,32.19805380652668,139.75999999999476,322.5907142857104,387.1088571428525,False,False,False,NO SIGNAL
2026-10-03 01:15:00,2026-10-03 01:30:00,2026-10-03 06:59:28,B-BTC_USDT,15m,84186.01,84354.57,84161.06,84315.28,279.57854,129.27000000000407,193.5100000000093,0.6680274921192593,66.80274921192593,193.5100000000093,320.8864285714257,385.06371428571083,False,True,False,NO SIGNAL
2026-10-03 01:30:00,2026-10-03 01:45:00,2026-10-03 06:59:28,B-BTC_USDT,15m,84315.27,84474.82,84315.27,84374.01,175.6173,58.73999999999069,159.5500000000029,0.3681604512691295,36.81604512691295,159.5500000000029,316.56785714285485,379.88142857142583,False,False,False,NO SIGNAL
2026-10-03 01:45:00,2026-10-03 02:00:00,2026-10-03 06:59:28,B-BTC_USDT,15m,84374.0,84531.99,84347.08,84348.0,137.48719,26.0,184.9100000000035,0.140608944892107,14.060894489210702,184.9100000000035,315.277857142855,378.333428571426,False,False,False,NO SIGNAL
2026-10-03 02:00:00,2026-10-03 02:15:00,2026-10-03 06:59:28,B-BTC_USDT,15m,84348.0,84452.62,84232.01,84238.01,122.74738,109.99000000000524,220.61000000000058,0.49857214088212204,49.8572140882122,220.61000000000058,306.4685714285702,367.76228571428425,False,False,False,NO SIGNAL
2026-10-03 02:15:00,2026-10-03 02:30:00,2026-10-03 06:59:28,B-BTC_USDT,15m,84238.01,84500.47,84238.0,84459.04,166.73745,221.02999999999884,262.47000000000116,0.8421152893663956,84.21152893663955,262.47000000000116,276.5014285714278,331.8017142857134,False,True,False,NO SIGNAL
2026-10-03 02:30:00,2026-10-03 02:45:00,2026-10-03 06:59:28,B-BTC_USDT,15m,84459.04,84544.46,84442.0,84496.0,76.86721,36.9600000000064,102.4600000000064,0.3607261370291245,36.07261370291245,102.4600000000064,253.93642857142862,304.7237142857143,False,False,False,NO SIGNAL
2026-10-03 02:45:00,2026-10-03 03:00:00,2026-10-03 06:59:28,B-BTC_USDT,15m,84496.0,84509.71,84431.79,84434.01,82.59146,61.99000000000524,77.9200000000128,0.7955595482545567,79.55595482545567,77.9200000000128,242.68071428571525,291.2168571428583,False,True,False,NO SIGNAL
2026-10-03 03:00:00,2026-10-03 03:15:00,2026-10-03 06:59:28,B-BTC_USDT,15m,84434.0,84544.46,84422.01,84520.0,88.90784,86.0,122.45000000001164,0.7023274806042615,70.23274806042615,122.45000000001164,241.99857142857323,290.39828571428785,False,True,False,NO SIGNAL
2026-10-03 03:15:00,2026-10-03 03:30:00,2026-10-03 06:59:28,B-BTC_USDT,15m,84519.99,84539.94,84500.0,84531.69,91.56015,11.69999999999709,39.94000000000233,0.2929394091135806,29.293940911358057,39.94000000000233,220.96071428571616,265.1528571428594,False,False,False,NO SIGNAL
2026-10-03 03:30:00,2026-10-03 03:45:00,2026-10-03 06:59:28,B-BTC_USDT,15m,84531.68,84550.0,84460.0,84545.91,250.22278,14.230000000010477,90.0,0.15811111111122753,15.811111111122752,90.0,174.789285714288,209.7471428571456,False,False,False,NO SIGNAL
2026-10-03 03:45:00,2026-10-03 04:00:00,2026-10-03 06:59:28,B-BTC_USDT,15m,84546.0,84567.22,84484.86,84525.01,116.86644,20.99000000000524,82.36000000000058,0.2548567265663561,25.48567265663561,82.36000000000058,151.52857142857414,181.83428571428897,False,False,False,NO SIGNAL
2026-10-03 04:00:00,2026-10-03 04:15:00,2026-10-03 06:59:28,B-BTC_USDT,15m,84525.02,84558.7,84499.99,84510.0,185.26,15.020000000004075,58.70999999999185,0.2558337591552744,25.58337591552744,58.70999999999185,139.07714285714505,166.89257142857406,False,False,False,NO SIGNAL
2026-10-03 04:15:00,2026-10-03 04:30:00,2026-10-03 06:59:28,B-BTC_USDT,15m,84510.0,84560.0,84492.93,84560.0,112.31487,50.0,67.07000000000698,0.7454897867898433,74.54897867898434,67.07000000000698,128.69428571428892,154.4331428571467,False,True,False,NO SIGNAL
2026-10-03 04:30:00,2026-10-03 04:45:00,2026-10-03 06:59:28,B-BTC_USDT,15m,84559.99,84562.01,84488.0,84490.72,43.64865,69.27000000000407,74.00999999999476,0.9359546007297525,93.59546007297524,74.00999999999476,123.99785714286034,148.7974285714324,False,True,False,NO SIGNAL
2026-10-03 04:45:00,2026-10-03 05:00:00,2026-10-03 06:59:28,B-BTC_USDT,15m,84490.72,84566.01,84490.48,84566.0,49.71351,75.27999999999884,75.52999999999884,0.9966900569310208,99.66900569310208,75.52999999999884,115.57071428571673,138.68485714286007,False,True,False,NO SIGNAL
2026-10-03 05:00:00,2026-10-03 05:15:00,2026-10-03 06:59:28,B-BTC_USDT,15m,84566.01,84590.01,84519.35,84579.39,172.87155,13.380000000004657,70.65999999998894,0.18935748655543094,18.935748655543094,70.65999999998894,109.22142857143002,131.065714285716,False,False,False,NO SIGNAL
2026-10-03 05:15:00,2026-10-03 05:30:00,2026-10-03 06:59:28,B-BTC_USDT,15m,84579.39,84588.64,84514.02,84518.01,159.23472,61.38000000000466,74.61999999999534,0.8225676762263265,82.25676762263265,74.61999999999534,101.3435714285723,121.61228571428676,False,True,False,NO SIGNAL
2026-10-03 05:30:00,2026-10-03 05:45:00,2026-10-03 06:59:28,B-BTC_USDT,15m,84518.0,84534.27,84456.02,84519.32,93.49614,1.320000000006985,78.25,0.0168690095847538,1.6869009584753802,78.25,91.17500000000084,109.410000000001,False,False,False,NO SIGNAL
2026-10-03 05:45:00,2026-10-03 06:00:00,2026-10-03 06:59:28,B-BTC_USDT,15m,84519.31,84571.03,84519.31,84558.69,70.88674,39.38000000000466,51.720000000001164,0.7614075792730814,76.14075792730814,51.720000000001164,76.1214285714294,91.34571428571529,False,True,False,NO SIGNAL
2026-10-03 06:00:00,2026-10-03 06:15:00,2026-10-03 06:59:28,B-BTC_USDT,15m,84558.68,84650.0,84558.68,84630.9,91.72956,72.22000000000116,91.32000000000698,0.790845378887381,79.08453788873811,91.32000000000698,75.32571428571516,90.3908571428582,False,True,False,NO SIGNAL
2026-10-03 06:15:00,2026-10-03 06:30:00,2026-10-03 06:59:28,B-BTC_USDT,15m,84630.9,84686.28,84630.9,84660.11,56.7336,29.210000000006403,55.38000000000466,0.5274467316721551,52.7446731672155,55.38000000000466,73.71571428571458,88.4588571428575,False,False,False,NO SIGNAL
2026-10-03 06:30:00,2026-10-03 06:45:00,2026-10-03 06:59:28,B-BTC_USDT,15m,84660.11,84688.91,84631.72,84651.8,70.97621,8.309999999997672,57.19000000000233,0.1453051232732529,14.53051232732529,57.19000000000233,69.05428571428534,82.8651428571424,False,False,False,NO SIGNAL
